Área Carrera Genérica,Área,tipos_institucion,n_tipos_institucion,1er año,2° año,3er año,4° año,5° año,10% inferior 1er año,25% inferior 1er año,Percentil 50 1er año,25% superior 1er año,10% superior 1er año,10% inferior 5° año,25% inferior 5° año,Percentil 50 5° año,25% superior 5° año,10% superior 5° año,Empleabilidad 1er año - 2020,Empleabilidad 1er año - 2021,Empleabilidad 1er año - 2022,Empleabilidad 1er año - 2023,Empleabilidad 1er año - 2024,Empleabilidad 2° año - 2020,Empleabilidad 2° año - 2021,Empleabilidad 2° año - 2022,Empleabilidad 2° año - 2023,Empleabilidad 2° año - 2024,Empleabilidad 1er año,Empleabilidad 2° año,Duración Formal,Duración Real,Retención 1er año,Retención 2° año,Titulados Mujeres,Titulados Hombres,Titulados Total,Matrícula 1er año Mujeres,Matrícula 1er año Hombres,Total Matrícula 1er año,Matrícula Total Mujeres,Matrícula Total Hombres,Matrícula Total,arancel_valor,titulacion_valor,puntaje_corte_paes,vacantes_total,vacantes_presencial,matricula_1er_total,matricula_1er_presencial,pct_matricula_distancia,prop_programas_acreditados,n_programas,n_instituciones,carrera_tipo,ingreso_4to_anio_valor,brecha_duracion,costo_total_carrera,anios_recuperar_inversion
Actuación y Teatro,Arte y Arquitectura,Institutos Profesionales / Universidades,2,801534.1131428571,936686.8740714286,910417.9584285713,1004221.3851428572,1002022.0287142858,537128.6655714286,604952.9922142857,750913.0218571429,931842.0264999999,1209181.434142857,574573.0185,677211.1768571428,818959.9042142858,1273733.5942142857,1679002.571,0.17,0.29,0.28,0.25,0.27,0.19000000000000003,0.31,0.38000000000000006,0.3,0.34,0.25585714285714284,0.32057142857142856,8.557928571428572,11.015642857142858,0.7911428571428571,0.7011428571428571,185.0,95.0,280.0,302.0,118.0,420.0,1203.0,546.0,1749.0,5323871.451376147,234736.9486238532,664.5180245398774,337,337,311,311,0.0,1.0,12,10,Actuación y Teatro,1004221.3851428572,2.4577142857142853,23015392.75079627,1.9
Administración Gastronómica,Administración y Comercio,Institutos Profesionales,1,732455.71,768802.32,854799.87,941593.06,954519.32,541527.02,590569.48,681815.69,819401.63,1025328.39,563981.02,647793.39,806389.43,1140025.35,1542821.45,0.2,0.47,0.51,0.5,0.48,0.31,0.48,0.6,0.53,0.57,0.5,0.56,8.0,10.42,0.85,0.73,609.0,464.0,1073.0,978.0,775.0,1753.0,4425.0,3715.0,8140.0,4325750.139806813,41705.02669039146,645.8780555555555,2069,2039,1850,1850,0.0,1.0,29,8,Administración Gastronómica,941593.06,2.42,17344705.58591764,1.5
Administración Pública,Ciencias Sociales,Institutos Profesionales / Universidades,2,1538677.1324913045,1685514.301252174,1815206.9399652171,1911860.4968869565,2001730.7310043476,776760.8394956522,1003507.2571652174,1371988.3248608697,1862612.7123695652,2479683.095121739,1109448.1013956522,1506735.2061913041,1954716.3463478263,2405693.1645391304,2849828.353378261,0.7909260869565218,0.8422999999999999,0.8744086956521739,0.8415652173913043,0.8322999999999999,0.8872521739130435,0.8872521739130435,0.9257826086956522,0.9322043478260869,0.9029391304347827,0.8515652173913043,0.9193608695652172,9.379299999999999,10.487830434782609,0.8013739130434782,0.7163260869565217,1353.0,947.0,2300.0,2219.0,1541.0,3760.0,8532.0,6358.0,14891.0,3806560.951457038,211572.11371638326,632.3961579627238,5084,2235,3372,1913,0.48093490149074836,1.0,115,41,Administración Pública,1911860.4968869565,1.10853043478261,18063010.679716878,0.8
Administración Turística y Hotelera,Administración y Comercio,Institutos Profesionales / Universidades,2,790013.1376334107,861578.119350348,941072.6715081206,1018648.8851044084,1084747.8345243619,555439.6922505801,617256.3515545243,756712.5040603249,930944.3396751741,1126787.6940835265,582793.2913457076,693301.3953596288,951605.3285614848,1259006.4216937355,1737242.4549187936,0.19104408352668212,0.3182830626450116,0.5138051044083527,0.45895591647331785,0.46895591647331786,0.3548491879350348,0.43,0.5727610208816705,0.5755220417633411,0.5655220417633411,0.4772389791183294,0.5727610208816705,8.16013921113689,10.383039443155452,0.8144779582366588,0.7117169373549884,886.0,407.0,1293.0,1062.0,437.0,1499.0,3872.0,2033.0,5905.0,4468274.351585015,152352.07708933717,577.345780104712,2080,2000,1392,1342,0.0389048991354467,1.0,40,10,Administración Turística y Hotelera,1018648.8851044084,2.222900232018562,18383222.448332407,1.5
Administración de Empresas e Ing. Asociadas,Administración y Comercio,Institutos Profesionales / Universidades,2,1347499.3251521073,1422664.469084566,1506103.0758331008,1594183.9690706113,1652119.4088752442,639650.0460061402,817961.4058665922,1127585.0922802119,1653730.5271057773,2380204.2789366455,733289.0146748534,988502.5687440692,1415551.902224393,2006450.7290454926,2760405.214845102,0.7580128384035725,0.8026709461345242,0.8126709461345242,0.7953418922690483,0.7890064192017863,0.7990064192017863,0.8326709461345242,0.8526709461345241,0.8326709461345242,0.8226709461345242,0.7990064192017863,0.8326709461345242,8.081987161596428,10.864272955623779,0.7246581077309516,0.5966452693273794,4667.0,2499.0,7166.0,4818.0,3051.0,7869.0,21803.0,12942.0,34746.0,3076145.6995888934,122343.18513276722,616.0858329008822,11602,5951,7582,4604,0.3946960506806847,1.0,278,38,Administración de Empresas e Ing. Asociadas,1594183.9690706113,2.7822857940273504,12553028.210771518,0.7
Agronomía,Agropecuaria,Universidades,1,1236431.79,1430559.19,1560013.14,1729269.94,1933592.52,589904.74,742928.8,1063960.47,1524050.89,2136224.13,712799.23,1120534.05,1672313.2,2331721.35,3344150.25,0.64,0.73,0.72,0.68,0.66,0.76,0.79,0.81,0.76,0.73,0.68,0.76,10.0,14.22,0.81,0.73,373.0,565.0,938.0,610.0,803.0,1413.0,2907.0,4110.0,7017.0,6569516.692946058,136231.23759028738,634.79985323219,1642,1592,1387,1387,0.009374519747963772,1.0,30,22,Agronomía,1729269.94,4.220000000000001,32983814.702320576,1.6
Animación Digital,Arte y Arquitectura,Institutos Profesionales,1,852936.46,912238.09,981700.87,1017908.43,1099595.91,573400.85,657952.33,799039.06,892752.31,1207800.75,640352.73,709004.71,912775.85,1137899.22,1848049.13,0.4000000000000001,0.48,0.36,0.34,0.34,0.39,0.44,0.6,0.47,0.3499999999999999,0.34,0.46,8.0,10.13,0.85,0.69,123.0,84.0,207.0,281.0,222.0,503.0,1003.0,943.0,1946.0,5017254.3908355795,69930.91482479784,651.1359263271939,1100,1100,997,997,0.0,1.0,13,7,Animación Digital,1017908.43,2.130000000000001,20138948.478167117,1.6
Antropología,Ciencias Sociales,Universidades,1,1324790.38,1433147.68,1540997.44,1623765.13,1679149.65,604930.23,713742.05,1073030.3,1731588.73,2557539.97,743070.08,1143820.1,1504462.53,2416613.24,3368936.99,0.47000000000000003,0.58,0.58,0.69,0.59,0.56,0.69,0.83,0.81,0.71,0.61,0.77,9.87,14.59,0.86,0.8,173.0,101.0,274.0,254.0,144.0,398.0,1439.0,829.0,2268.0,5798546.726432532,159733.67329020333,704.5074580067189,476,476,398,398,0.0,1.0,10,10,Antropología,1623765.13,4.720000000000001,28775561.76823475,1.5
Arquitectura,Arte y Arquitectura,Universidades,1,1083856.17,1230510.74,1373124.53,1493344.75,1606588.1800000002,575695.56,694888.94,916845.5500000002,1207395.45,1602235.1800000002,790948.89,1090984.38,1446963.1800000002,1848924.51,2422022.67,0.6,0.61,0.65,0.62,0.57,0.72,0.75,0.77,0.73,0.73,0.62,0.74,11.22,14.73,0.82,0.75,916.0,800.0,1716.0,2023.0,1449.0,3472.0,9721.0,7982.0,17704.0,6649873.443568492,179477.92204029378,678.7499819281295,3563,3563,3295,3295,0.0,1.0,46,33,Arquitectura,1493344.75,3.51,37485267.940459535,2.1
Artes y Licenciatura en Artes,Arte y Arquitectura,Universidades,1,1025271.26,1061003.8,1001528.01,1036736.8199999998,1153070.9,533056.51,590836.57,734556.23,957776.9099999999,1467540.96,582603.62,684970.4,977491.0799999998,1318498.38,1677752.78,0.28,0.21,0.29,0.38,0.26,0.4,0.4,0.44999999999999996,0.37,0.48000000000000004,0.32,0.44,8.38,10.86,0.83,0.75,435.0,141.0,576.0,645.0,228.0,873.0,2608.0,834.0,3443.0,5694699.333770492,147948.2075409836,644.4856271043772,1056,946,732,732,0.0,1.0,24,16,Artes y Licenciatura en Artes,1036736.8199999998,2.4799999999999986,24008738.416039348,1.9
Bibliotecología,Humanidades,Universidades,1,1057930.61,1082028.67,1268969.31,1339844.39,1627929.63,664127.69,831142.63,1086375.3,1453966.71,1813505.7,797177.78,1149661.02,1335758.18,2093191.4800000002,2184394.56,,,,,,,,,,,0.75,0.81,10.0,13.13,0.75,0.74,45.0,21.0,66.0,60.0,12.0,72.0,338.0,105.0,443.0,3618241.1764705884,289158.1447963801,,155,60,72,49,0.4117647058823529,1.0,6,4,Bibliotecología,1339844.39,3.130000000000001,18380364.02714932,1.1
Biología,Ciencias Básicas,Universidades,1,1076664.17,1257554.52,1354407.45,1400217.91,1307996.33,607515.42,676380.54,916402.89,1188765.21,1300006.17,773496.55,1030214.0100000001,1331464.95,1735985.0,2107154.49,0.44,0.61,0.56,0.65,0.48000000000000004,0.66,0.57,0.69,0.66,0.66,0.55,0.67,9.96,13.7,0.8200000000000001,0.66,109.0,74.0,183.0,172.0,151.0,323.0,766.0,575.0,1341.0,6169269.381058911,61739.44817300522,738.8310589112602,325,325,323,323,0.0,1.0,7,6,Biología,1400217.91,3.7399999999999984,30784700.965846382,1.8
Biología Marina y Ecología Marina,Ciencias Básicas,Universidades,1,1036297.5500000002,1167847.24,1269657.45,1320335.86,1400644.3,649866.07,733182.1,901399.91,1111320.69,1528018.61,691031.6,882345.65,1429893.59,1977413.93,2218121.5,,,,,,,,,,,0.6,0.73,9.96,13.449999999999998,0.81,0.7100000000000001,135.0,87.0,222.0,317.0,231.0,548.0,1173.0,927.0,2100.0,5990963.198095238,201698.32333333333,661.7314860225599,538,538,548,548,0.0,1.0,12,12,Biología Marina y Ecología Marina,1320335.86,3.4899999999999967,30036695.04984762,1.9
Bioquímica,Ciencias Básicas,Universidades,1,1059558.64,1308473.52,1376985.02,1458953.05,1568532.7,598508.53,729943.64,932599.3399999999,1144413.45,1471132.27,650436.25,928650.04,1363713.48,1824546.01,2645706.49,0.58,0.8399999999999999,0.8200000000000001,0.63,0.56,0.72,0.8,0.81,0.7,0.65,0.64,0.71,10.54,14.11,0.79,0.7,181.0,133.0,315.0,395.0,228.0,623.0,1728.0,1215.0,2943.0,6554082.307973665,133787.05193855157,737.5600036818852,579,579,623,623,0.0,1.0,12,12,Bioquímica,1458953.05,3.5700000000000003,34673800.814959764,2.0
Ciencias Políticas,Ciencias Sociales,Universidades,1,1111607.35,1220455.39,1397194.45,1564680.25,1702525.5400000003,584762.32,757669.0,998283.1999999998,1418062.51,1909686.09,825935.2400000001,1157833.05,1502836.6,2123257.22,2840612.34,0.52,0.53,0.65,0.57,0.54,0.71,0.72,0.75,0.76,0.76,0.58,0.76,9.22,11.37,0.81,0.7700000000000001,193.0,140.0,333.0,273.0,167.0,440.0,937.0,781.0,1718.0,6523265.650066401,233986.24103585657,695.09,525,500,427,427,0.0,1.0,12,10,Ciencias Políticas,1564680.25,2.1499999999999986,30306240.887841966,1.6
Comunicación Audiovisual y/o Multimedia,Arte y Arquitectura,Institutos Profesionales / Universidades,2,868284.6731072555,941743.6226025235,1045751.6717350158,1098241.3446056782,1156996.3079968453,566430.3965457412,652438.7045425867,769395.337082019,953855.9599526814,1266572.2279022082,615985.0944164037,781694.235236593,1042334.2173501577,1411532.9392586749,1917922.2197634068,0.36506309148264987,0.46809148264984224,0.5234858044164038,0.5103312302839117,0.38269716088328076,0.4831545741324921,0.5796687697160884,0.5753943217665615,0.5861829652996845,0.5430283911671924,0.4699999999999999,0.5673028391167192,8.296687697160884,9.969889589905364,0.8226971608832806,0.7353943217665615,282.0,352.0,634.0,403.0,506.0,909.0,1455.0,2309.0,3764.0,4080241.253644315,62817.857871720116,597.1796036585365,1152,1130,832,832,0.0,1.0,16,7,Comunicación Audiovisual y/o Multimedia,1098241.3446056782,1.6732018927444798,16989061.563151263,1.3
Construcción Civil,Tecnología,Institutos Profesionales / Universidades,2,1274779.9424372385,1417392.5302510462,1525877.4803661087,1645077.4314121339,1754942.6660983262,622348.3475627615,778495.6498221757,1050906.725585774,1430240.6964539748,1999943.0254707113,763909.665041841,1113100.9880543933,1554441.7907112972,2155663.239131799,2877270.181265691,0.722071129707113,0.7810355648535564,0.782071129707113,0.7642782426778243,0.7254497907949791,0.7810355648535564,0.8176569037656904,0.8144142259414227,0.7876569037656904,0.7864853556485357,0.7598640167364016,0.7954497907949791,8.307960251046024,12.018263598326358,0.7153138075313807,0.5941422594142259,433.0,1479.0,1912.0,528.0,1922.0,2450.0,2330.0,9077.0,11407.0,3523645.273631841,83331.53179556761,701.2620127795527,2997,2768,2418,2418,0.01103573043871553,1.0,136,16,Construcción Civil,1645077.4314121339,3.710303347280334,14720483.96785533,0.7
Contador Auditor,Administración y Comercio,Institutos Profesionales / Universidades,2,1221627.097067205,1339883.660852529,1465436.606062693,1600064.7165020187,1722357.9380384707,637717.2627879365,786930.5514295892,992517.6245357398,1376815.5868677273,1986252.216665875,795090.5032011397,1074258.1038708144,1504800.4656019947,2035740.6960769414,2801109.031213488,0.8050320588933746,0.8250961766801236,0.8550961766801235,0.86,0.8250320588933745,0.8401282355734979,0.8750961766801234,0.890128235573498,0.8750961766801234,0.8750961766801234,0.8450320588933744,0.8801282355734981,8.683013535977205,10.93048207076704,0.7952885300403705,0.6903847067204939,2672.0,1539.0,4211.0,3233.0,2511.0,5744.0,14328.0,10242.0,24570.0,3707987.462730885,155471.3539146762,643.6327597609056,7762,4936,5655,4510,0.21597310161128336,1.0,198,52,Contador Auditor,1600064.7165020187,2.247468534789835,16253724.0189777,0.8
Derecho,Derecho,Universidades,1,1662615.29,1852955.79,2050180.72,2204825.64,2426581.79,688623.34,993914.88,1461805.71,2046455.9399999997,2815678.33,936691.6000000001,1458122.27,2057320.86,2951162.75,4261475.04,0.7,0.75,0.78,0.75,0.73,0.77,0.81,0.81,0.83,0.82,0.75,0.82,10.45,16.19,0.83,0.76,2690.0,2233.0,4923.0,5926.0,4276.0,10202.0,28372.0,21435.0,49807.0,6361236.793568286,189499.6056854456,674.8414651896376,10873,10873,10127,10127,0.0,1.0,115,49,Derecho,2204825.64,5.740000000000002,33426961.852079738,1.3
Diseño,Arte y Arquitectura,Universidades,1,1035131.16,1193890.12,1298862.83,1450392.86,1525896.26,557568.12,664108.35,808120.5,1073436.3,1498186.86,705677.46,955927.15,1309591.37,1873735.0399999998,2609167.8,0.48,0.61,0.68,0.61,0.5,0.69,0.7,0.75,0.72,0.7,0.6,0.72,9.86,12.11,0.8900000000000001,0.8199999999999998,578.0,118.0,696.0,1124.0,261.0,1385.0,5196.0,1397.0,6594.0,7424065.771428571,143783.19935064935,688.3635872073855,1251,1251,1302,1302,0.0,1.0,17,15,Diseño,1450392.86,2.25,36744427.4524935,2.1
Diseño Gráfico,Arte y Arquitectura,Institutos Profesionales / Universidades,2,823461.726932966,890493.1102938475,964062.2529017447,1060569.896795225,1118807.3178787879,538653.3896969697,605079.7845821854,728902.4836271809,903786.7810743802,1189501.6643618,566538.5518181818,713265.9940679523,925445.1297153352,1258744.1738292011,1817630.566822773,0.42065197428833795,0.4763911845730027,0.4778696051423324,0.43721763085399457,0.38704315886134066,0.500651974288338,0.5999999999999999,0.6063911845730027,0.5036088154269972,0.5236088154269973,0.4321303948576676,0.5378696051423324,8.257777777777779,10.47038567493113,0.800651974288338,0.6870431588613407,646.0,443.0,1089.0,1165.0,772.0,1937.0,4945.0,3410.0,8356.0,3762078.9487516424,90034.82260183968,605.374634304207,2573,2002,1937,1796,0.048620236530880434,1.0,65,14,Diseño Gráfico,1060569.896795225,2.212607897153351,15623240.79322529,1.2
Diseño Industrial,Tecnología,Institutos Profesionales / Universidades,2,862165.2605759163,927146.7245549738,1016720.7047120419,1135901.12947644,1233846.9417277486,550008.5917277487,603875.9292146596,779019.4067015707,881688.8658638743,1157329.590052356,652177.1948691099,816588.1260209423,995008.1895811517,1202941.1789528795,2009540.6076439791,0.34858638743455495,0.4943455497382199,0.6215183246073298,0.49287958115183245,0.4986910994764398,0.5257591623036649,0.6299476439790576,0.6243455497382199,0.6557068062827226,0.5957068062827224,0.5343455497382199,0.6242931937172775,8.364921465968585,11.248795811518324,0.8371204188481675,0.7342931937172775,96.0,95.0,191.0,212.0,121.0,333.0,734.0,577.0,1311.0,4744585.664335664,224840.03496503495,607.5852097902098,371,371,151,151,0.0,1.0,8,4,Diseño Industrial,1135901.12947644,2.8838743455497386,20068883.270329144,1.5
Diseño de Ambientes e Interiores,Arte y Arquitectura,Institutos Profesionales,1,796957.72,835788.04,955140.7799999999,974895.04,1104677.44,549213.04,605914.12,730246.21,869103.11,1062460.08,575993.6,705619.17,966879.8900000001,1169643.16,1898691.59,0.32,0.33,0.48999999999999994,0.34,0.48999999999999994,0.51,0.46,0.56,0.57,0.44,0.45000000000000007,0.52,8.0,9.74,0.84,0.76,128.0,15.0,143.0,274.0,50.0,324.0,817.0,129.0,946.0,3314880.239520958,22355.289421157686,,420,420,350,350,0.0,1.0,5,2,Diseño de Ambientes e Interiores,974895.04,1.7400000000000002,13281876.24750499,1.1
Diseño de Vestuario,Arte y Arquitectura,Institutos Profesionales,1,814957.66,877750.02,964362.39,1005739.32,1088023.56,569959.79,621283.43,708901.36,900794.34,1133371.96,659942.41,743983.63,920683.25,1156408.53,1733643.48,0.23,0.29,0.42,0.32,0.38,0.4,0.47,0.53,0.51,0.44,0.37,0.48,7.989999999999999,10.17,0.76,0.67,193.0,25.0,218.0,294.0,105.0,399.0,1278.0,295.0,1573.0,3988515.3717160425,100307.47568474007,627.677619047619,536,536,580,580,0.0,1.0,19,6,Diseño de Vestuario,1005739.32,2.1800000000000006,16034426.385690328,1.3
Enfermería,Salud,Universidades,1,1322775.46,1559232.06,1740235.49,1832131.34,1864806.68,613838.12,766470.82,1064107.82,1402427.98,1764500.51,1017889.23,1418583.95,1826429.89,2255476.76,2648020.81,0.93,0.98,0.92,0.77,0.65,0.95,0.98,0.96,0.9,0.83,0.79,0.88,9.99,12.06,0.88,0.83,4713.0,929.0,5642.0,6182.0,1406.0,7588.0,30333.0,7069.0,37402.0,6137866.800405158,175382.3478606039,631.3341809423366,7671,7671,7494,7494,0.0,1.0,86,41,Enfermería,1832131.34,2.0700000000000003,30834027.01588437,1.4
Fonoaudiología,Salud,Institutos Profesionales / Universidades,2,843747.5279354404,965206.0630127772,1047716.4429051782,1101386.4411365166,1130415.8352454607,542473.5108540686,606361.3687357096,719498.8377605918,934549.7708675185,1210325.2083254876,653502.9737525219,810121.7191459313,1073025.8543443172,1371119.1077874915,1695744.7627774042,0.28,0.62,0.46,0.41,0.36,0.5,0.67,0.68,0.6,0.59,0.42179556153328845,0.6005985205110961,10.0,12.20925353059852,0.7804236718224613,0.7186281102891727,1353.0,134.0,1487.0,1464.0,176.0,1640.0,7252.0,859.0,8111.0,5522625.530670471,184728.1356503696,570.0139077627178,2064,1917,1614,1614,0.03786798080663989,1.0,45,24,Fonoaudiología,1101386.4411365166,2.20925353059852,27797855.789002724,2.1
Geografía,Ciencias Sociales,Universidades,1,994743.92,1198825.15,1364132.43,1401672.73,1600847.19,606090.82,703272.14,878373.66,1208154.7,1507998.45,813949.1200000001,1154180.9,1547098.07,1937806.77,2297371.16,0.57,0.7,0.66,0.65,0.6299999999999999,0.72,0.81,0.82,0.85,0.81,0.65,0.83,10.0,14.0,0.85,0.75,109.0,125.0,234.0,66.0,109.0,175.0,398.0,682.0,1080.0,5302654.074317968,115804.60959548448,677.7934948096886,235,235,175,175,0.0,1.0,7,7,Geografía,1401672.73,4.0,26629074.98118533,1.6
Geología,Ciencias Básicas,Universidades,1,1713545.58,2015164.29,2539495.83,2919331.04,3182406.33,632905.4,900437.75,1330298.65,1909101.27,3259217.57,1185781.14,1714756.21,2592260.9,3952188.07,5965510.86,0.62,0.64,0.76,0.66,0.67,0.75,0.77,0.83,0.84,0.8,0.69,0.82,10.65,16.17,0.82,0.75,222.0,316.0,538.0,310.0,506.0,816.0,1576.0,2456.0,4032.0,6072042.350661335,176133.88957243925,663.763589663761,1103,1103,750,750,0.0,1.0,18,12,Geología,2919331.04,5.520000000000001,32509759.406844046,0.9
Ingeniería Agrícola,Agropecuaria,Institutos Profesionales,1,953106.42,1028594.17,1091446.62,1175683.83,1244042.03,565017.72,658281.67,830190.93,1092359.22,1528846.57,624185.56,802823.44,1038667.28,1469401.27,1955949.52,0.5,0.6,0.65,0.59,0.56,0.64,0.66,0.7100000000000001,0.68,0.67,0.6,0.68,8.0,10.32,0.81,0.72,427.0,436.0,863.0,404.0,503.0,907.0,1874.0,2448.0,4322.0,3156098.2598331347,231092.25268176402,,1190,1190,907,907,0.0,1.0,36,6,Ingeniería Agrícola,1175683.83,2.3200000000000003,12855485.292014303,0.9
Ingeniería Civil Ambiental,Tecnología,Universidades,1,1348585.85,1625527.54,1816671.71,2119847.63,2290469.62,768423.76,994258.2,1349105.34,1629893.81,1896718.69,1232924.52,1827088.43,2187968.37,2694262.21,3341858.88,,,,,,,,,,,0.84,0.9,11.39,14.99,0.74,0.56,78.0,62.0,140.0,144.0,115.0,259.0,662.0,520.0,1182.0,5877727.368421053,337256.95263157896,722.4013138686132,293,285,259,257,0.0026315789473684292,1.0,12,10,Ingeniería Civil Ambiental,2119847.63,3.5999999999999996,33810914.315789476,1.3
Ingeniería Civil Bioquímica,Tecnología,Universidades,1,1042160.34,1246114.97,1378307.49,1568814.71,1917913.2,597438.98,765098.66,924938.41,1169286.57,1434029.45,748155.89,1124404.49,1383270.77,1968086.15,2125524.32,,,,,,,,,,,0.83,0.83,12.0,14.49,0.84,0.65,22.0,17.0,39.0,47.0,23.0,70.0,189.0,134.0,323.0,6775000.0,89800.0,710.81,60,60,70,70,0.0,1.0,1,1,Ingeniería Civil Bioquímica,1568814.71,2.49,40739800.0,2.2
Ingeniería Civil Electrónica,Tecnología,Universidades,1,1680291.11,2161930.64,2413130.19,2647455.7,2790309.67,673936.2,917365.84,1259264.92,1763207.43,2144620.0,1024660.1000000001,1713489.85,2247305.08,2746736.81,4634445.54,0.69,0.85,0.92,0.83,0.79,0.87,0.84,0.91,0.93,0.94,0.84,0.93,11.81,15.67,0.78,0.66,20.0,243.0,263.0,64.0,454.0,518.0,260.0,2189.0,2449.0,6154979.23583461,194627.56508422663,683.7121575061526,507,507,461,461,0.0,1.0,11,11,Ingeniería Civil Electrónica,2647455.7,3.8599999999999994,36539779.9526876,1.2
Ingeniería Civil Eléctrica,Tecnología,Universidades,1,1907850.4,2289295.92,2661877.88,2912848.8,3261044.05,841265.18,1255669.33,1643102.27,2159486.75,2973978.89,1396015.33,2019442.14,2870420.09,4038082.83,6017549.62,0.9200000000000002,0.9200000000000002,0.93,0.94,0.8900000000000001,0.91,0.94,0.95,0.9600000000000001,0.95,0.9200000000000002,0.95,11.62,15.43,0.78,0.63,72.0,507.0,579.0,124.0,860.0,984.0,522.0,4386.0,4908.0,6097989.953632148,263602.24111282843,696.0750578380535,931,931,851,851,0.0,1.0,16,12,Ingeniería Civil Eléctrica,2912848.8,3.8100000000000005,35692923.871715605,1.0
Ingeniería Civil Industrial,Tecnología,Universidades,1,2100771.45,2267041.23,2508602.98,2840993.38,3126885.36,794034.5999999999,1147275.66,1660910.94,2557238.94,4201143.9,1205626.13,1737475.37,2466537.6,3428887.1499999994,4921345.36,0.81,0.88,0.91,0.89,0.89,0.9000000000000001,0.92,0.94,0.93,0.93,0.89,0.93,11.12,14.069999999999999,0.8499999999999999,0.76,1897.0,4594.0,6491.0,2023.0,3611.0,5634.0,10564.0,24340.0,34904.0,6362123.27360123,171664.94054989427,703.6682838615909,9375,5921,5376,5101,0.2681407421649683,1.0,102,43,Ingeniería Civil Industrial,2840993.38,2.9499999999999993,35545070.341772735,1.0
Ingeniería Civil Mecánica,Tecnología,Universidades,1,1672484.1499999997,2159899.97,2495391.43,2841820.2099999995,3141787.4,782909.6999999998,1074861.17,1444371.93,1875179.51,2770495.76,1225842.83,1784576.46,2512975.36,3493253.75,6390293.95,0.79,0.85,0.92,0.89,0.81,0.88,0.91,0.93,0.94,0.91,0.87,0.93,11.74,16.22,0.7600000000000001,0.61,68.0,700.0,768.0,146.0,810.0,956.0,583.0,3969.0,4552.0,5752742.650850954,290495.30685920577,681.5967976633033,971,971,664,664,0.0,1.0,16,12,Ingeniería Civil Mecánica,2841820.2099999995,4.479999999999999,34059094.66735431,1.0
Ingeniería Civil Metalúrgica,Tecnología,Universidades,1,1808252.48,2626059.6199999996,3011094.96,3508658.09,3724053.92,724266.2,977323.08,1336645.5700000003,1989131.55,2853205.48,1085342.42,1723186.1799999997,2803433.56,4576968.39,7882792.61,0.7,0.7799999999999999,0.8,0.83,0.79,0.86,0.8399999999999999,0.94,0.89,0.92,0.8,0.92,11.53,17.09,0.74,0.56,59.0,160.0,219.0,169.0,296.0,465.0,533.0,1176.0,1709.0,6184127.634660422,270610.0702576112,663.274581861013,360,360,386,386,0.0,1.0,8,7,Ingeniería Civil Metalúrgica,3508658.09,5.5600000000000005,35922105.88407494,0.9
Ingeniería Civil Química,Tecnología,Universidades,1,1535618.41,1945086.9299999997,2278799.17,2481355.55,2897831.0299999993,671985.68,927468.7,1318280.04,1752394.21,2527592.39,1202718.2,1706923.1799999997,2442337.31,3401392.09,5816633.48,0.69,0.7599999999999999,0.89,0.8,0.79,0.81,0.9,0.9100000000000001,0.92,0.9,0.8199999999999998,0.9100000000000001,11.71,15.64,0.8,0.67,177.0,213.0,390.0,295.0,301.0,596.0,1280.0,1613.0,2893.0,6057035.3994490355,240503.73966942148,706.8536470588234,541,533,509,506,0.0020661157024793875,1.0,12,9,Ingeniería Civil Química,2481355.55,3.9299999999999997,35704446.003443524,1.2
Ingeniería Civil en Biomédica,Tecnología,Universidades,1,1367867.49,1627914.8,1767432.16,1883450.8099999998,1997817.38,851568.75,1075968.48,1329017.35,1599075.46,1816198.3199999998,906736.1,1373090.85,1747392.02,2135977.84,2499422.3,0.7799999999999999,0.94,0.9599999999999999,0.9700000000000001,0.9099999999999999,0.92,0.9700000000000001,0.94,0.92,0.88,0.94,0.9099999999999999,12.0,13.859999999999998,0.7099999999999999,0.6,55.0,42.0,97.0,214.0,166.0,380.0,534.0,536.0,1070.0,6729652.255639098,409844.47180451127,726.7804511278194,313,313,308,308,0.0,1.0,6,6,Ingeniería Civil en Biomédica,1883450.8099999998,1.8599999999999977,40787758.0056391,1.8
Ingeniería Civil en Computación e Informática,Tecnología,Universidades,1,1737657.1899999997,2121327.96,2453084.04,2683432.45,2880940.73,787296.04,1075563.71,1464702.22,1951308.13,2622317.32,1294660.48,1911456.74,2601025.17,3625113.28,4680338.0,0.88,0.9199999999999999,0.93,0.89,0.85,0.94,0.94,0.95,0.94,0.93,0.88,0.94,11.08,14.12,0.84,0.7399999999999999,163.0,1374.0,1537.0,664.0,3559.0,4223.0,2381.0,15494.0,17875.0,6155052.46126099,196872.85977305178,692.0813048963179,4878,4610,4083,4083,0.020816111820846195,1.0,61,35,Ingeniería Civil en Computación e Informática,2683432.45,3.039999999999999,34295863.49515894,1.1
Ingeniería Civil en Minas,Tecnología,Universidades,1,2274422.55,2599118.99,2803526.14,3432022.19,4230974.53,714172.4,1008888.02,1616794.1400000001,2755216.02,4671038.79,1305668.09,1928656.75,2816808.24,4579345.13,7605400.75,0.68,0.7599999999999999,0.83,0.8200000000000001,0.81,0.85,0.89,0.9100000000000001,0.89,0.89,0.8200000000000001,0.9,11.14,15.71,0.77,0.65,165.0,515.0,680.0,571.0,1111.0,1682.0,1906.0,4463.0,6369.0,5930158.386729858,214976.90426540285,665.4847035362935,1991,1771,1501,1501,0.09620853080568725,1.0,27,18,Ingeniería Civil en Minas,3432022.19,4.57,33245959.118350714,0.8
Ingeniería Civil en Obras Civiles,Tecnología,Universidades,1,1554958.75,1735752.68,1831857.78,2110461.65,2323638.47,696848.6,984267.26,1315191.48,1818082.82,2661973.27,988230.0200000001,1571164.02,2066422.0400000003,2690650.72,3240642.01,0.72,0.86,0.89,0.86,0.81,0.91,0.9,0.9399999999999998,0.91,0.89,0.85,0.91,11.16,15.12,0.77,0.67,152.0,407.0,559.0,195.0,514.0,709.0,734.0,2230.0,2964.0,6615968.769716089,287709.81433077966,658.9044488579941,797,797,627,627,0.0,1.0,15,12,Ingeniería Civil en Obras Civiles,2110461.65,3.959999999999999,37204815.54934655,1.5
"Ingeniería Civil, plan común y licenciatura en Ciencias de la Ingeniería",Tecnología,Universidades,1,1492102.16,1766889.18,2035209.49,2260842.01,2522741.14,742660.13,999894.45,1340063.02,1680226.5,2015338.5399999998,1176349.44,1663434.32,2235764.79,2895326.88,3672555.3999999994,0.78,0.82,0.91,0.86,0.81,0.91,0.92,0.91,0.93,0.9000000000000001,0.86,0.91,11.54,15.62,0.87,0.79,222.0,555.0,777.0,1502.0,3714.0,5216.0,5409.0,13412.0,18821.0,8456781.347713731,36863.530902304214,818.9719415845198,4618,4618,4949,4949,0.0,1.0,35,24,"Ingeniería Civil, plan común y licenciatura en Ciencias de la Ingeniería",2260842.01,4.08,48832491.90721053,1.8
Ingeniería Comercial,Administración y Comercio,Universidades,1,1608643.27,1813620.52,2004606.89,2203057.25,2382233.47,690541.28,919124.88,1317859.67,1851829.54,2635132.58,881695.59,1337997.33,2008881.24,2901526.41,4049238.05,0.73,0.8,0.85,0.82,0.79,0.83,0.86,0.89,0.87,0.86,0.82,0.88,9.98,12.29,0.83,0.75,3506.0,4280.0,7786.0,4159.0,5844.0,10003.0,19708.0,27399.0,47107.0,6796549.039813419,170893.7855729363,694.253686901477,12779,10588,9872,9606,0.07691764040708626,1.0,136,49,Ingeniería Comercial,2203057.25,2.3099999999999987,34085673.4942419,1.3
Ingeniería Forestal,Agropecuaria,Universidades,1,1216331.34,1338310.21,1552209.42,1642011.5,1826234.79,732412.74,928309.18,1117589.63,1456360.51,1671892.44,937560.13,1060957.37,1453460.64,2007915.65,2364178.34,0.63,0.83,0.81,0.88,0.84,0.81,0.79,0.98,0.86,0.86,0.85,0.89,10.0,13.56,0.8,0.64,61.0,62.0,123.0,47.0,72.0,119.0,263.0,305.0,568.0,6765620.615702479,107098.34710743802,662.85,125,125,119,119,0.0,1.0,3,3,Ingeniería Forestal,1642011.5,3.5600000000000005,33935201.42561983,1.7
Ingeniería Industrial,Tecnología,Institutos Profesionales / Universidades,2,2479662.749621543,2537920.616226346,2531870.163176856,2593745.599905385,2568375.878053129,898876.542874818,1281490.7254548764,1957617.9432241633,3094179.220855167,5301724.616513829,905321.780363901,1433601.3926419213,2161845.9038500725,3382078.583362445,5229176.960196507,0.8357459970887919,0.8924963609898108,0.8959970887918486,0.9094978165938865,0.9059970887918487,0.8832496360989811,0.9029985443959243,0.9062481804949053,0.9127474526928675,0.9162481804949053,0.9027474526928675,0.9094978165938865,8.297016011644832,11.649363173216885,0.68,0.546750363901019,546.0,2202.0,2748.0,923.0,3905.0,4828.0,3586.0,16786.0,20372.0,3287474.072140957,127985.05263741135,686.0620512820512,8851,2498,4632,1722,0.6338098404255319,1.0,156,30,Ingeniería Industrial,2593745.599905385,3.3523471615720535,13766097.55984779,0.4
Ingeniería Marina y Marítimo Portuaria,Tecnología,Universidades,1,1730390.19,2195523.31,2388674.36,2473743.63,2676463.15,635890.7,810162.28,1101452.97,1944572.4799999997,3167528.48,1080585.07,1844646.75,2682979.47,3178453.27,4586226.37,,,,,,,,,,,0.79,0.9000000000000001,8.0,12.45,0.84,0.73,16.0,63.0,79.0,42.0,115.0,157.0,104.0,479.0,583.0,4118528.6103542233,244695.3910081744,622.466346483705,273,273,206,206,0.0,1.0,5,3,Ingeniería Marina y Marítimo Portuaria,2473743.63,4.449999999999999,16718809.832425067,0.6
Ingeniería Mecánica,Tecnología,Institutos Profesionales / Universidades,2,1415757.8808000002,1556935.6824,1745162.3408,1919756.9512,2082901.1756,687490.3059999999,893788.4639999999,1189451.1543999999,1646085.4936,2431019.6424000002,849859.2792,1188754.79,1716464.8480000002,2426279.6256,3727735.5675999997,0.7748,0.8675999999999999,0.8832000000000001,0.8472,0.826,0.8004,0.8815999999999999,0.9188000000000001,0.8776,0.8944000000000001,0.856,0.896,8.1652,12.3044,0.7628,0.6792,63.0,912.0,975.0,35.0,271.0,306.0,84.0,1334.0,1418.0,4497908.7747957995,252370.23337222871,657.1913888888888,440,440,306,306,0.0,1.0,13,7,Ingeniería Mecánica,1919756.9512,4.139199999999999,18615532.597353563,0.8
Ingeniería en Alimentos,Tecnología,Universidades,1,1154875.23,1335982.01,1472293.45,1480333.45,1540420.95,589416.28,734825.52,891076.78,1177808.86,1451578.46,855831.7399999999,1193007.8,1483281.65,2008489.6600000001,2609172.72,0.7,0.78,0.79,0.7600000000000001,0.69,0.73,0.84,0.86,0.82,0.75,0.7399999999999999,0.81,10.51,14.589999999999998,0.72,0.59,69.0,38.0,107.0,81.0,52.0,133.0,474.0,266.0,740.0,5387114.800759014,281580.6451612903,651.775137254902,234,234,133,133,0.0,1.0,8,7,Ingeniería en Alimentos,1480333.45,4.079999999999998,28590868.923149906,1.6
"Ingeniería en Automatización, Instrumentación y Control",Tecnología,Institutos Profesionales / Universidades,2,1845569.8965413535,2138578.342932331,2796237.7110526315,2785318.6073684213,2511179.393233083,755091.6840601503,1008987.1593233083,1370202.3946616543,2041216.604887218,3699484.7579699247,1110521.1985714284,1361429.0803007516,2491657.007518797,3788125.335263158,4792676.073684211,0.9190225563909773,0.8776691729323308,0.9583458646616541,0.8930075187969925,0.9053383458646617,0.9023308270676692,0.9766917293233082,0.9199999999999999,0.9606766917293231,0.9046616541353384,0.9076691729323307,0.9223308270676692,8.0,10.801203007518797,0.7456390977443609,0.6196240601503759,64.0,867.0,931.0,174.0,1382.0,1556.0,529.0,5541.0,6070.0,3109022.03116604,102979.67042808526,664.18,2282,1016,1516,706,0.4567436861902203,1.0,64,11,"Ingeniería en Automatización, Instrumentación y Control",2785318.6073684213,2.8012030075187972,12539067.795092246,0.4
Ingeniería en Biotecnología y Bioingeniería,Tecnología,Universidades,1,932698.55,1083749.61,1227459.01,1336459.82,1484242.07,557920.92,662753.99,838715.24,1076934.59,1324728.33,801436.02,966500.8,1247506.2,1869081.2600000002,2345017.78,0.54,0.56,0.73,0.65,0.56,0.69,0.74,0.66,0.71,0.68,0.63,0.68,9.92,13.54,0.8299999999999998,0.76,179.0,152.0,331.0,279.0,186.0,465.0,1220.0,1029.0,2249.0,6229744.155879672,135560.34639927073,715.9022413793103,580,580,465,465,0.0,1.0,15,10,Ingeniería en Biotecnología y Bioingeniería,1336459.82,3.619999999999999,31035091.35956244,1.9
Ingeniería en Comercio Exterior,Administración y Comercio,Institutos Profesionales / Universidades,2,1179509.3903269449,1300129.556527621,1433844.434239008,1563808.6813979708,1792448.3000901917,650640.2824126268,771751.5361330326,982717.662390079,1297520.1387936866,1738086.3807328073,750519.9268658399,986813.5249267193,1421272.400248027,2041498.855028185,2816601.607576099,0.7302818489289741,0.7794363021420518,0.8413077790304397,0.8415896279594137,0.7713077790304398,0.7886922209695604,0.8815896279594138,0.8842051860202932,0.8571025930101466,0.8300000000000001,0.8171025930101465,0.8571025930101466,8.55891770011274,10.90847801578354,0.8071025930101466,0.6786922209695603,522.0,365.0,887.0,1434.0,783.0,2217.0,3816.0,2446.0,6262.0,3402598.43328841,76428.1334231806,635.4154625905069,3232,2555,2168,1729,0.18985849056603776,1.0,58,13,Ingeniería en Comercio Exterior,1563808.6813979708,2.3495603156708,14637708.111947207,0.8
Ingeniería en Computación e Informática,Tecnología,Institutos Profesionales / Universidades,2,1487191.2358231174,1678705.6083917106,1875725.6653619383,2048729.603864565,2187963.9121978986,654302.3829305313,830600.4500350262,1158646.1382953883,1772761.1092352597,2710107.41966725,930043.8862142441,1299869.3614477525,1935576.6646293055,2698275.722291302,3664288.993210742,0.8329889083479275,0.8400000000000001,0.8664944541739638,0.83,0.7705166374781086,0.8794833625218913,0.8900000000000001,0.92,0.9,0.8664944541739638,0.8235055458260362,0.8964944541739639,8.136199649737303,10.75029772329247,0.7835055458260362,0.6705166374781086,426.0,3000.0,3426.0,1384.0,7606.0,8990.0,4649.0,29784.0,34434.0,3485013.6484632967,58635.583693167384,657.1981442411195,11618,8188,8689,7284,0.15382905765811528,1.0,224,37,Ingeniería en Computación e Informática,2048729.603864565,2.6140980735551658,14236018.996671565,0.6
Ingeniería en Conectividad y Redes,Tecnología,Institutos Profesionales,1,1320656.07,1432819.16,1528800.8600000003,1787439.51,1942905.6900000002,677003.96,797783.5299999999,1032110.1,1630449.75,2538369.39,816616.77,1159588.22,1582229.4800000002,2265550.96,2900725.49,0.85,0.89,0.86,0.88,0.8399999999999999,0.9,0.9,0.94,0.9,0.9100000000000001,0.86,0.9100000000000001,8.01,9.76,0.71,0.6,64.0,641.0,705.0,260.0,1692.0,1952.0,653.0,5284.0,5937.0,2880212.263904035,110649.40458015267,,2869,1419,1930,1128,0.6261723009814613,1.0,91,14,Ingeniería en Conectividad y Redes,1787439.51,1.75,11645899.521515815,0.5
Ingeniería en Construcción,Tecnología,Institutos Profesionales / Universidades,2,1166411.3717647057,1303935.052755418,1405901.0322291022,1550072.4101547988,1661253.4983281735,593164.2968421052,733342.0220433436,976639.5352631578,1320278.341517028,1875835.614241486,731196.6243653251,1016639.6499690401,1461696.2629721363,1960894.368482972,2524496.3241795665,0.6453250773993808,0.7656037151702786,0.7653250773993807,0.7153250773993809,0.7006501547987616,0.7402786377708979,0.8055108359133127,0.8253250773993809,0.7753250773993808,0.7655108359133127,0.7254179566563468,0.7854179566563467,8.958173374613002,12.227089783281734,0.77,0.6499071207430341,558.0,2026.0,2584.0,461.0,1980.0,2441.0,2287.0,9833.0,12120.0,3756980.483970295,114967.52698786452,589.3670883392227,4405,3430,2441,2441,0.018112660749864173,1.0,81,23,Ingeniería en Construcción,1550072.4101547988,3.2689164086687317,16942808.79720955,0.9
Ingeniería en Control de Gestión,Administración y Comercio,Universidades,1,1524645.6,1686782.6299999997,1850387.2999999998,2063776.9500000002,2330320.55,713944.44,956449.46,1325890.42,1796031.6499999997,2469239.1,1025981.96,1402251.32,1921255.58,2730353.19,3426253.5199999996,0.8700000000000001,0.8600000000000001,0.8999999999999999,0.8799999999999999,0.8500000000000001,0.8999999999999999,0.91,0.8999999999999999,0.92,0.8899999999999999,0.8700000000000001,0.91,9.87,11.89,0.83,0.74,367.0,294.0,661.0,497.0,501.0,998.0,2144.0,2071.0,4215.0,5093280.604589585,211891.7552956752,676.7734781315083,1665,966,1222,975,0.18005295675198585,1.0,31,17,Ingeniería en Control de Gestión,2063776.9500000002,2.0200000000000014,25347231.538945276,1.0
Ingeniería en Electricidad,Tecnología,Institutos Profesionales / Universidades,2,1498668.6456225764,1598679.3398448944,1706197.0563507108,1871112.7171607064,2039920.3770012928,714704.2667384747,908368.3504911676,1257714.923153813,1820179.4812839292,2782878.5938776387,925065.5423782852,1265204.0673028864,1719405.6165187417,2417283.365557949,3484154.6165230502,0.7493278759155536,0.833059026281775,0.8718655751831107,0.8618655751831108,0.8537311503662215,0.8537311503662215,0.8574623007324429,0.9037311503662214,0.9081344248168893,0.8837311503662214,0.8618655751831108,0.8918655751831107,8.097009909521757,11.226161137440757,0.7482852218871177,0.6338819474364499,100.0,2221.0,2321.0,314.0,3912.0,4226.0,972.0,16335.0,17307.0,3095451.9052954996,83792.36496174468,653.0582456140352,5320,3626,4205,3635,0.20007229351165734,1.0,135,16,Ingeniería en Electricidad,1871112.7171607064,3.1291512279189995,12615744.740774577,0.6
Ingeniería en Electrónica,Tecnología,Universidades,1,1317741.89,1477309.0,1755056.0,1852042.15,1924353.88,594721.68,883077.16,1190992.7,1795788.65,2268983.93,957047.03,1230611.34,1923964.64,2450172.62,4231432.6,0.77,0.88,0.85,0.83,0.77,0.78,0.86,0.93,0.81,0.89,0.82,0.87,8.76,14.81,0.54,0.48,8.0,55.0,63.0,11.0,70.0,81.0,22.0,228.0,250.0,4070603.696098563,24601.23203285421,632.0647826086955,148,148,163,163,0.0,1.0,5,3,Ingeniería en Electrónica,1852042.15,6.050000000000001,17853845.42094456,0.8
Ingeniería en Finanzas,Administración y Comercio,Institutos Profesionales,1,1296692.34,1483552.8,1550596.96,1634436.67,1706882.96,611187.26,726012.58,969659.56,1374910.29,1944199.36,791250.0,1146280.62,1659672.28,2048111.24,2501315.5,0.78,0.74,0.87,0.78,0.75,0.83,0.86,0.83,0.86,0.8,0.78,0.83,8.22,9.83,0.77,0.67,762.0,424.0,1186.0,734.0,596.0,1330.0,2840.0,2349.0,5189.0,3119204.650615418,21038.15590585187,,1616,1296,1307,1120,0.09609155689915783,1.0,44,8,Ingeniería en Finanzas,1634436.67,1.6099999999999994,12840969.26993522,0.7
Ingeniería en Geomensura y Cartografía,Ciencias Básicas,Institutos Profesionales / Universidades,2,1383131.0162585033,1474383.9043537416,1658107.7749659866,1818124.1331972787,1897206.6594557823,662335.099659864,865173.2485714285,1255374.7346938776,1853954.7438095235,2605090.513537415,918489.036122449,1327485.6131292516,1733557.3912244898,2073383.6729931973,2636953.7046938776,0.7444897959183673,0.8186394557823129,0.878639455782313,0.783469387755102,0.8538095238095238,0.7727891156462585,0.904829931972789,0.8893197278911565,0.8696598639455783,0.8586394557823129,0.8386394557823129,0.8741496598639455,8.584421768707484,13.524149659863946,0.6882993197278912,0.5462585034013605,97.0,197.0,294.0,26.0,127.0,153.0,292.0,1284.0,1576.0,3128973.3466533464,181320.6793206793,,512,470,144,144,0.0,1.0,14,8,Ingeniería en Geomensura y Cartografía,1818124.1331972787,4.939727891156462,13611534.134678928,0.6
Ingeniería en Gestión Pública,Ciencias Sociales,Institutos Profesionales / Universidades,2,1525814.799402985,1646065.0095820897,1688989.7681791047,1784535.2186865672,1840531.9271044778,821936.9417313434,1012230.7674925374,1374828.9945671645,1801098.9428656716,2518362.1788656716,885493.211761194,1317482.9030149253,1642568.0192835822,2132756.34080597,2765741.744328358,0.9172537313432835,0.8947164179104479,0.93,0.9190149253731343,0.9109850746268657,0.9209850746268656,0.9509850746268657,0.943731343283582,0.9554925373134328,0.9292238805970148,0.9199999999999999,0.943731343283582,8.0,9.81644776119403,0.62,0.5194328358208955,230.0,105.0,335.0,134.0,86.0,220.0,839.0,430.0,1269.0,2159162.31441048,107933.40611353712,,752,47,220,25,0.9006550218340611,1.0,11,3,Ingeniería en Gestión Pública,1784535.2186865672,1.8164477611940306,8744582.663755458,0.4
Ingeniería en Logística,Administración y Comercio,Institutos Profesionales / Universidades,2,1484978.2182210078,1589017.2004675167,1765503.1333636916,1811303.8012811171,1843556.3977595628,736094.4848148149,948713.5690710383,1267428.0946873103,1777177.4572009717,2517074.83062538,878232.5543897996,1123444.2654219794,1642141.2369581056,2258104.419599272,2967339.253084396,0.8383302975106254,0.8804128718882817,0.926247723132969,0.8708257437765633,0.8433211900425015,0.8883302975106253,0.9045780206435944,0.9224954462659382,0.9141651487553127,0.8845780206435945,0.8729083181542197,0.9004128718882818,8.02,9.57,0.79,0.6054401942926534,663.0,984.0,1647.0,1502.0,1956.0,3458.0,5454.0,7584.0,13038.0,2921914.31623045,85324.67283753591,,4428,2866,3403,2358,0.303303542930099,1.0,125,19,Ingeniería en Logística,1811303.8012811171,1.5500000000000007,11802201.08092164,0.5
Ingeniería en Marketing,Administración y Comercio,Institutos Profesionales,1,995843.99,1112057.01,1258804.35,1401677.53,1570123.41,571079.32,651734.6,823136.06,1063888.81,1468441.05,659810.1,890866.66,1194608.5,1743474.76,2474365.57,0.57,0.63,0.67,0.61,0.58,0.71,0.7,0.78,0.73,0.69,0.62,0.73,8.0,9.45,0.78,0.63,320.0,255.0,575.0,1044.0,713.0,1757.0,2704.0,2047.0,4751.0,3069646.6252909233,25459.529350918023,,2257,1475,1714,1257,0.22342901474010857,1.0,37,8,Ingeniería en Marketing,1401677.53,1.4499999999999993,12304046.03051461,0.7
Ingeniería en Matemática y Estadística,Ciencias Básicas,Universidades,1,1593843.29,1855718.55,2219664.17,2397935.02,2489711.14,1175397.92,1336634.62,1570390.36,1818158.8699999999,2206833.88,936869.1,1857431.5900000003,2358115.65,2833828.12,3276632.72,,,,,,,,,,,0.9,0.9299999999999999,10.46,13.450000000000001,0.67,0.52,25.0,56.0,81.0,63.0,137.0,200.0,300.0,565.0,865.0,4594248.168,245197.51111111112,744.3038223938224,903,265,392,199,0.4222222222222223,1.0,30,15,Ingeniería en Matemática y Estadística,2397935.02,2.99,24273115.42975111,0.8
Ingeniería en Mecánica Automotriz,Tecnología,Institutos Profesionales,1,1133956.45,1274048.46,1388268.45,1499060.51,1584961.95,606006.24,732462.41,969115.79,1310830.47,1739794.8699999999,704120.54,963505.92,1354409.44,1851901.2,2447794.56,0.67,0.71,0.82,0.8,0.77,0.75,0.77,0.85,0.8399999999999999,0.83,0.8,0.8399999999999999,8.0,10.64,0.83,0.71,105.0,2696.0,2801.0,390.0,5284.0,5674.0,1303.0,20767.0,22070.0,3227681.311109042,10700.71701275724,,5925,5800,5674,5674,0.00898593910047496,1.0,108,6,Ingeniería en Mecánica Automotriz,1499060.51,2.6400000000000006,12921425.961448925,0.7
Ingeniería en Medio Ambiente,Tecnología,Institutos Profesionales / Universidades,2,999787.0089671361,1179469.1279812208,1329871.2312910797,1470731.3788028168,1648953.5232394366,619859.5025821596,766876.0985680751,976687.9726291081,1187021.3545774648,1575002.1537558686,843028.682910798,1120958.4000938968,1507346.1211502345,1829222.5863849765,2388467.248333333,0.45725352112676054,0.6647652582159624,0.6907746478873239,0.7302582159624412,0.6132629107981221,0.7062676056338029,0.7102582159624414,0.8372535211267604,0.8047652582159625,0.793262910798122,0.6747652582159624,0.8075117370892019,9.121478873239436,12.248450704225352,0.8230046948356808,0.7257511737089201,248.0,178.0,426.0,164.0,147.0,311.0,1079.0,920.0,1999.0,5287177.871545929,102615.25914861837,627.9751020408163,479,479,253,253,0.0,1.0,16,11,Ingeniería en Medio Ambiente,1470731.3788028168,3.126971830985916,24216055.88633124,1.4
Ingeniería en Metalurgia,Tecnología,Institutos Profesionales / Universidades,2,1583219.2977372261,1792055.9129197083,1816657.912116788,2171617.269051095,2300618.818759124,656236.3310218977,805947.4795620437,1157578.52729927,1783318.8218248175,3504353.699124088,829718.4046715328,1213390.8308029196,1791879.6667883212,2750028.232919708,4109576.028905109,0.7075912408759124,0.7438686131386861,0.7673722627737226,0.8548175182481751,0.7748175182481752,0.8214598540145985,0.8044525547445255,0.8509489051094892,0.8631386861313869,0.8879562043795621,0.8031386861313868,0.8748175182481752,8.031313868613138,11.497007299270072,0.7014598540145985,0.5994160583941606,61.0,76.0,137.0,102.0,164.0,266.0,359.0,585.0,944.0,3899960.2577873254,67546.72395273899,654.46,310,310,259,259,0.0,1.0,10,4,Ingeniería en Metalurgia,2171617.269051095,3.465693430656934,15728449.176656445,0.6
Ingeniería en Minas,Tecnología,Institutos Profesionales / Universidades,2,1793843.4752014652,1978356.105897436,2004677.5972039073,2178185.1805006107,2329289.7579975585,719091.2141391941,1021769.6913064714,1424503.5733577532,2360725.4698290597,3877313.1966788764,911718.7003663004,1274070.377008547,1942873.2617948717,2896151.8112087916,4904335.447594628,0.6691086691086691,0.7472771672771673,0.8236385836385836,0.7854700854700855,0.8054700854700854,0.7536385836385837,0.8118315018315018,0.9,0.8336385836385837,0.8145543345543346,0.8081929181929183,0.8436385836385836,8.105518925518925,12.041208791208792,0.6827228327228327,0.5454456654456655,223.0,596.0,819.0,705.0,1505.0,2210.0,2333.0,5211.0,7544.0,2894820.0125874127,124203.46923076923,669.3473440643863,2926,1021,2210,1259,0.33510489510489505,1.0,48,13,Ingeniería en Minas,2178185.1805006107,3.9356898656898665,11856212.668229872,0.5
Ingeniería en Prevención de Riesgos,Tecnología,Institutos Profesionales / Universidades,2,1500740.861756219,1531137.4780696516,1499837.967273632,1528869.9744527363,1573400.1983731342,728661.4001890548,975911.9831641791,1380461.5366965174,1973783.1576318408,2664885.8303681593,722570.6322686566,982411.5022388061,1393308.334721393,1921682.520318408,2578420.7964626863,0.6507412935323383,0.7731990049751243,0.8094278606965175,0.8294278606965173,0.8494278606965173,0.7226268656716417,0.8013134328358208,0.8494278606965173,0.8375422885572139,0.8575422885572138,0.8294278606965173,0.8475422885572139,8.116905472636816,12.019741293532336,0.7018855721393034,0.47451243781094526,930.0,1080.0,2010.0,1375.0,1123.0,2498.0,5359.0,4720.0,10079.0,2681423.3509383076,158206.18653781325,557.65,3731,1324,2467,1140,0.550174176873806,1.0,95,19,Ingeniería en Prevención de Riesgos,1528869.9744527363,3.90283582089552,11040636.122381462,0.6
Ingeniería en Química,Tecnología,Institutos Profesionales / Universidades,2,1133767.28,1296906.255,1440152.66,1565647.16,1589790.955,614802.41,794924.83,1023199.16,1320905.365,1875162.58,917597.415,1190706.28,1475641.115,1938043.44,2342338.125,0.605,0.835,0.8,0.81,0.835,0.77,0.78,0.945,0.83,0.87,0.82,0.88,8.45,12.415,0.72,0.6,123.0,77.0,200.0,94.0,78.0,172.0,420.0,402.0,822.0,4391417.021276596,191264.18439716313,645.66,200,192,172,166,0.010638297872340385,1.0,8,6,Ingeniería en Química,1565647.16,3.965,18745001.09929078,1.0
Ingeniería en Recursos Humanos,Administración y Comercio,Institutos Profesionales / Universidades,2,1160890.4553986331,1256253.633075171,1333844.2639407746,1455854.2068792712,1508510.5129384967,602604.2568792711,717477.2099544419,960725.9446697037,1389595.7864920273,1989191.6889293848,722157.1814350797,958542.4368109339,1337608.03214123,1843526.4781321182,2372371.255854214,0.73,0.8100000000000002,0.8100000000000002,0.78,0.77,0.8100000000000002,0.82,0.86,0.82,0.8100000000000002,0.7881776765375854,0.8281776765375854,8.01,9.66,0.760364464692483,0.63,1031.0,286.0,1317.0,1757.0,425.0,2182.0,6489.0,1734.0,8223.0,2770377.6390262456,71030.0920502092,,2768,1590,2137,1335,0.3825282109800938,1.0,64,10,Ingeniería en Recursos Humanos,1455854.2068792712,1.6500000000000004,11166392.536350323,0.6
Ingeniería en Recursos Renovables,Tecnología,Universidades,1,1158242.87,1294793.83,1383956.62,1552869.53,1739073.98,633134.07,812800.13,980877.99,1426324.83,1883390.22,692938.07,1079092.16,1486445.43,2124383.69,2795956.87,0.65,0.66,0.77,0.68,0.63,0.56,0.86,0.78,0.79,0.77,0.68,0.78,10.0,14.34,0.85,0.76,127.0,102.0,229.0,172.0,149.0,321.0,903.0,763.0,1666.0,6752898.699519231,119152.15384615384,667.2633477946492,360,360,321,321,0.0,1.0,8,8,Ingeniería en Recursos Renovables,1552869.53,4.34,33883645.651442304,1.8
Ingeniería en Refrigeración y Climatización,Tecnología,Institutos Profesionales,1,1141275.17,1279455.28,1404119.72,1513091.43,1554698.17,702491.44,786978.66,993913.04,1267946.65,1718344.26,868029.82,1053029.96,1393318.02,1615585.85,1936592.02,0.76,0.87,0.73,0.77,0.87,0.8,0.91,0.88,0.88,0.85,0.8,0.86,8.0,11.44,,,0.0,66.0,66.0,7.0,50.0,57.0,18.0,189.0,207.0,4246099.337748344,104688.7417218543,,164,164,76,76,0.0,1.0,6,2,Ingeniería en Refrigeración y Climatización,1513091.43,3.4399999999999995,17089086.09271523,0.9
Ingeniería en Seguridad Privada,Administración y Comercio,Institutos Profesionales,1,1826793.1800000002,1889699.8199999998,1943318.55,2009188.85,2077960.38,1434235.62,1504871.87,1648172.7,2015282.1,2570620.56,1643522.96,1648172.7,1851402.53,2370149.68,2664054.0,1.0,1.0,1.0,0.99,0.99,0.99,0.99,0.99,1.0,0.99,0.99,0.99,8.0,8.47,0.85,0.7099999999999999,110.0,641.0,751.0,215.0,641.0,856.0,849.0,3191.0,4040.0,2309865.273178808,236299.2549668874,,1490,0,835,0,1.0,1.0,9,6,Ingeniería en Seguridad Privada,2009188.85,0.47000000000000064,9475760.347682118,0.4
Ingeniería en Sonido,Tecnología,Institutos Profesionales,1,863548.8799999999,953874.71,1001510.49,1042136.4799999999,1073751.01,538093.69,598274.98,724693.97,886542.35,1065451.36,676151.99,745731.94,918245.54,1074288.3,1429162.78,0.2,0.38,0.39,0.53,0.4,0.39,0.36,0.55,0.52,0.59,0.43999999999999995,0.56,8.0,10.01,0.79,0.7,15.0,156.0,171.0,47.0,504.0,551.0,177.0,1883.0,2060.0,3912931.25,25913.254310344826,803.72,565,540,586,586,0.03717672413793105,1.0,13,5,Ingeniería en Sonido,1042136.4799999999,2.01,15677638.254310345,1.3
Ingeniería en Telecomunicaciones,Tecnología,Institutos Profesionales,1,1169594.91,1348101.86,1515989.28,1751537.13,1882081.23,627047.78,779634.01,1025424.61,1317498.37,1719628.55,928883.28,1202057.94,1661607.06,2227096.38,2838488.75,0.82,0.84,0.88,0.86,0.85,0.84,0.88,0.94,0.89,0.86,0.86,0.89,8.0,10.89,0.8,0.69,28.0,254.0,282.0,27.0,227.0,254.0,129.0,1082.0,1211.0,3372000.0,0.0,,273,273,254,254,0.0,1.0,14,1,Ingeniería en Telecomunicaciones,1751537.13,2.8900000000000006,13488000.0,0.6
Kinesiología,Salud,Institutos Profesionales / Universidades,2,978407.8842857142,1135752.6811669024,1314352.019731259,1399300.2250777937,1457699.7827652053,549343.1071499293,626373.973274399,778366.5024398869,1030380.7050919378,1333773.9253960396,693725.1063083451,964902.2435502121,1385056.8194908062,1790389.0391584157,2219045.818635078,0.5655657708628005,0.8367751060820366,0.6575813295615276,0.49556577086280057,0.3955657708628006,0.6395968882602546,0.8847595473833098,0.8091937765205093,0.6967751060820367,0.633953323903819,0.5163719943422913,0.6747595473833099,10.0,12.23063649222065,0.8471782178217823,0.7863719943422914,1519.0,1309.0,2828.0,2688.0,3305.0,5993.0,12008.0,13411.0,25419.0,5944022.779232077,201659.91458737,622.2558055315471,5916,5916,5947,5947,0.0,1.0,82,42,Kinesiología,1399300.2250777937,2.2306364922206505,29921773.810747758,1.8
Licenciatura en Letras y Literatura,Humanidades,Universidades,1,803831.56,951380.78,1029564.0,1152079.72,1209841.45,549512.93,579871.43,786662.33,987041.12,1196294.3,692967.69,897495.53,1174798.5,1419531.42,1773582.8300000003,0.32,0.33,0.35,0.4,0.3,0.57,0.59,0.59,0.6,0.57,0.35,0.59,8.22,10.16,0.84,0.77,248.0,104.0,352.0,352.0,144.0,496.0,1549.0,588.0,2137.0,5298215.970817121,169134.27821011672,691.3521989528796,586,526,487,477,0.02383268482490275,1.0,14,10,Licenciatura en Letras y Literatura,1152079.72,1.9399999999999995,21944801.918268487,1.6
Medicina,Salud,Universidades,1,2758297.34,3264129.04,3363001.27,3719393.0700000003,4280719.56,1054499.75,1760284.73,2478339.62,3157063.93,3880989.8200000003,2126547.67,3093510.03,4121740.98,5347169.82,6701042.44,0.9,0.9599999999999999,0.9199999999999999,0.91,0.8899999999999999,0.9,0.91,0.79,0.9,0.9,0.91,0.8899999999999999,13.890000000000002,15.08,0.9599999999999999,0.94,1331.0,1099.0,2430.0,1926.0,1283.0,3209.0,12594.0,8635.0,21230.0,9994696.876247942,188796.10647284696,892.9686096967014,3119,3119,3209,3209,0.0,1.0,44,31,Medicina,3719393.0700000003,1.1899999999999977,69601965.91201483,1.6
Medicina Veterinaria,Agropecuaria,Universidades,1,1035455.7,1158545.25,1251232.05,1379384.8,1469493.13,562193.32,670245.59,892274.87,1196231.97,1560141.34,729570.3399999999,932049.9900000001,1271317.2,1755478.55,2393437.44,0.6,0.7200000000000001,0.73,0.68,0.59,0.68,0.7799999999999999,0.73,0.73,0.75,0.66,0.7400000000000001,10.07,14.36,0.86,0.79,1098.0,387.0,1485.0,3299.0,1142.0,4441.0,16030.0,5341.0,21371.0,6633678.870239909,175139.0450304646,647.6425798256538,4948,4948,4441,4441,0.0,1.0,48,18,Medicina Veterinaria,1379384.8,4.289999999999999,33575712.15668841,2.0
"Música, Canto o Danza",Arte y Arquitectura,Institutos Profesionales / Universidades,2,935394.379076923,1000199.8526923077,1068854.8361384615,1106604.3469999998,1176109.5347384617,564329.3676615385,645608.3874923077,820950.3396153846,1093357.0799076925,1357015.976676923,628674.6675076922,803041.1884153846,1108688.197876923,1516547.094323077,2081317.3528,0.3228923076923077,0.3801846153846154,0.3927076923076923,0.40523076923076917,0.38635384615384616,0.4114923076923077,0.44279999999999997,0.5189692307692307,0.4376615384615385,0.5001846153846153,0.39392307692307693,0.4801846153846154,9.59633846153846,11.981184615384615,0.7700923076923077,0.6227076923076923,257.0,393.0,650.0,426.0,530.0,956.0,1840.0,2781.0,4622.0,5229388.1942196535,316161.1312138728,624.2286259977195,1079,1009,936,899,0.031213872832369982,1.0,34,14,"Música, Canto o Danza",1106604.3469999998,2.384846153846155,25407650.66046648,1.9
Nutrición y Dietética,Salud,Institutos Profesionales / Universidades,2,865452.8206249999,995251.9228125,1087207.7771875,1170003.6853125,1246873.4068749999,554096.77625,615224.091875,779105.47375,1005142.27625,1242767.3465625,641553.6525,823090.4184375,1160069.620625,1561264.1243750001,1964873.6003124998,0.355,0.5787499999999999,0.533125,0.41812499999999997,0.4,0.5390625000000001,0.6653125000000001,0.7006249999999999,0.625,0.5862499999999999,0.4571875,0.61625,9.9903125,12.5753125,0.794375,0.713125,1579.0,277.0,1856.0,2257.0,752.0,3009.0,11081.0,3057.0,14138.0,5498243.329872029,179305.8513345521,592.9141884566327,3503,3503,2995,2995,0.0,1.0,63,36,Nutrición y Dietética,1170003.6853125,2.585000000000001,27643890.38456563,2.0
Obstetricia y Puericultura,Salud,Universidades,1,1164784.3,1392567.56,1559825.42,1672113.28,1784176.4,585340.99,710492.3,991002.64,1314090.86,1612263.66,1052381.49,1393102.36,1715193.33,2063204.77,2409629.14,0.86,0.94,0.89,0.74,0.55,0.97,0.97,0.92,0.89,0.82,0.69,0.86,10.0,12.26,0.91,0.86,1975.0,97.0,2072.0,2631.0,69.0,2700.0,12689.0,430.0,13119.0,6139271.973325158,166382.7062701211,667.9769045194643,2621,2621,2649,2649,0.0,1.0,38,27,Obstetricia y Puericultura,1672113.28,2.26,30862742.572895907,1.5
Odontología,Salud,Universidades,1,1311241.18,1517376.24,1689035.4700000002,1848602.17,1998135.45,582648.02,708821.27,1009134.31,1504455.23,2179488.72,706177.6999999998,1017373.6,1582599.79,2342750.32,3091390.54,0.49,0.84,0.76,0.58,0.49,0.6999999999999998,0.87,0.82,0.76,0.6999999999999998,0.63,0.74,11.92,15.07,0.88,0.84,1226.0,555.0,1781.0,1876.0,815.0,2691.0,10250.0,4561.0,14811.0,10228505.952743292,137263.2458950741,696.9014729675612,2751,2751,2604,2604,0.0,1.0,29,20,Odontología,1848602.17,3.1500000000000004,61099158.724245094,2.8
Pedagogía en Artes y Música,Educación,Universidades,1,895085.61,1014973.8200000001,1042976.8499999999,1093629.83,1132305.09,584854.46,705686.82,901061.52,1091262.25,1230318.49,681280.4,927679.87,1123112.21,1299366.05,1456874.91,0.66,0.58,0.7899999999999999,0.7600000000000001,0.72,0.81,0.77,0.8499999999999999,0.8,0.81,0.75,0.8200000000000001,9.74,11.849999999999998,0.8200000000000001,0.7399999999999999,186.0,180.0,366.0,269.0,283.0,552.0,1164.0,1225.0,2389.0,4409588.977844914,230832.7713997986,619.1627477785372,580,580,535,535,0.0,1.0,18,13,Pedagogía en Artes y Música,1093629.83,2.1099999999999977,21705531.093504533,1.7
Pedagogía en Ciencias,Educación,Universidades,1,1067553.63,1176631.84,1242014.07,1279797.18,1307293.03,724650.54,864193.67,1076088.92,1275615.27,1488833.93,879733.2,1127531.34,1328733.03,1508358.2,1749936.94,0.85,0.88,0.89,0.91,0.89,0.94,0.94,0.88,0.9,0.92,0.9,0.9,9.53,11.84,0.8,0.69,304.0,223.0,527.0,362.0,231.0,593.0,1339.0,988.0,2327.0,4502404.851891892,147328.54054054053,640.8499809523811,697,697,543,543,0.0,1.0,30,17,Pedagogía en Ciencias,1279797.18,2.3100000000000005,21601287.659805402,1.4
Pedagogía en Educación Básica,Educación,Universidades,1,1012767.76,1129038.03,1175780.91,1193291.68,1238655.54,681040.04,827517.2099999998,979212.3200000001,1154533.97,1338090.35,865573.4299999999,1044253.4200000002,1221324.93,1369912.18,1587561.19,0.8299999999999998,0.9,0.9200000000000002,0.9,0.9,0.9200000000000002,0.9299999999999999,0.91,0.9200000000000002,0.9200000000000002,0.91,0.9200000000000002,9.53,10.6,0.89,0.8299999999999998,1338.0,183.0,1521.0,1539.0,292.0,1831.0,6367.0,1301.0,7668.0,4578843.621932748,174030.09996970615,616.8778931087814,1778,1778,1780,1780,0.0,1.0,45,34,Pedagogía en Educación Básica,1193291.68,1.0700000000000003,21992219.958479248,1.5
Pedagogía en Educación Diferencial,Educación,Universidades,1,1025194.26,1126646.35,1178295.45,1231829.5,1280448.53,734134.5,866053.72,1015922.27,1176953.87,1357146.99,922700.05,1114237.11,1253615.57,1421165.31,1635321.04,0.89,0.86,0.91,0.92,0.91,0.92,0.93,0.93,0.92,0.93,0.91,0.93,9.47,10.44,0.9,0.84,1834.0,95.0,1929.0,1880.0,125.0,2005.0,9661.0,552.0,10213.0,3964652.989157048,149155.45307216977,571.7190872947277,3923,3223,1895,1895,0.09548793284365165,1.0,60,33,Pedagogía en Educación Diferencial,1231829.5,0.9699999999999989,18921787.356730793,1.3
Pedagogía en Educación Física,Educación,Universidades,1,873690.35,971963.3,1023211.1700000002,1093220.06,1155398.4,556799.86,651148.77,833511.46,1062401.22,1294151.97,651994.33,852645.86,1124960.0,1371241.0,1738191.23,0.33,0.41,0.58,0.58,0.55,0.48999999999999994,0.56,0.68,0.67,0.66,0.57,0.67,9.47,11.08,0.8699999999999999,0.8100000000000002,423.0,882.0,1305.0,559.0,1359.0,1918.0,2289.0,5478.0,7767.0,4408064.564778898,204932.2578743212,593.0812733957217,1802,1802,1756,1756,0.0,1.0,40,28,Pedagogía en Educación Física,1093220.06,1.6099999999999994,21077117.972102404,1.6
Pedagogía en Educación Media,Educación,Universidades,1,948526.28,1139664.28,1226551.14,1307875.93,1352940.52,643280.71,747223.53,943472.7,1069691.67,1176105.65,742694.86,1092848.12,1284646.16,1490564.84,1733847.68,0.82,0.76,0.82,0.83,0.77,0.87,0.93,0.83,0.84,0.86,0.81,0.84,,,,,134.0,112.0,246.0,0.0,0.0,0.0,336.0,270.0,606.0,3097344.7432762836,1307.5794621026894,,273,273,0,0,0.0,1.0,4,2,Pedagogía en Educación Media,1307875.93,,,
Pedagogía en Educación Técnico Profesional,Educación,Universidades,1,1556791.96,1670784.4,1651214.28,1623221.26,1769531.28,843184.92,1133958.4,1479529.41,1795655.58,2141368.84,813748.93,1333053.34,1611468.54,2038567.36,2509774.32,,,,,,,,,,,0.93,0.9,,,,,52.0,50.0,102.0,38.0,34.0,72.0,96.0,96.0,192.0,3586349.4623655914,611422.5806451613,,150,150,72,72,0.0,1.0,4,4,Pedagogía en Educación Técnico Profesional,1623221.26,,,
Pedagogía en Educación de Párvulos,Educación,Universidades,1,868042.4900000001,950848.3099999999,1007648.29,1058550.05,1123066.53,570256.07,662408.56,805574.97,990352.1500000001,1197087.31,692339.18,881545.78,1123662.3,1322128.73,1468144.56,0.6,0.69,0.77,0.69,0.66,0.68,0.7599999999999999,0.82,0.82,0.75,0.71,0.8,8.9,10.22,0.89,0.8300000000000001,1432.0,2.0,1434.0,2005.0,9.0,2014.0,12058.0,43.0,12101.0,4038711.126405048,161209.22194833367,561.749507183428,3748,3248,1896,1896,0.1265036481956222,1.0,64,36,Pedagogía en Educación de Párvulos,1058550.05,1.3200000000000003,18133473.7344508,1.4
Pedagogía en Filosofía y Religión,Educación,Universidades,1,1566876.23,1657753.5599999998,1227387.06,1256068.94,1238267.62,594467.36,830099.23,1185091.96,1556867.28,1874263.4199999997,994326.77,1073506.55,1217394.92,1449777.3099999998,1608754.55,0.81,0.7,0.8400000000000001,0.73,0.77,0.85,0.9099999999999999,0.89,0.83,0.77,0.7900000000000001,0.83,9.89,13.229999999999999,0.75,0.69,48.0,49.0,97.0,58.0,57.0,115.0,224.0,312.0,536.0,4282969.760095011,235623.99049881235,,167,167,91,91,0.0,1.0,11,9,Pedagogía en Filosofía y Religión,1256068.94,3.339999999999998,21414909.454168644,1.4
"Pedagogía en Historia, Geografía y Ciencias Sociales",Educación,Universidades,1,920022.68,1030889.66,1076437.19,1129321.06,1192397.88,603408.74,741471.26,918187.82,1104919.08,1265211.04,697023.38,941585.87,1200491.85,1402763.39,1607508.07,0.57,0.57,0.75,0.74,0.72,0.72,0.72,0.83,0.81,0.82,0.74,0.82,9.84,11.77,0.85,0.77,244.0,288.0,532.0,300.0,372.0,672.0,1322.0,1722.0,3044.0,4155398.5303370785,226492.14831460675,629.0112999071496,758,758,652,652,0.0,1.0,20,20,"Pedagogía en Historia, Geografía y Ciencias Sociales",1129321.06,1.9299999999999997,20671052.91757303,1.5
Pedagogía en Idiomas,Educación,Universidades,1,882696.35,997130.1,1046305.31,1074271.39,1122627.29,571797.25,676051.65,854965.49,1040562.5,1236244.52,652885.87,844849.98,1105102.04,1327488.81,1563402.39,0.55,0.54,0.67,0.64,0.58,0.7,0.69,0.76,0.76,0.72,0.63,0.75,9.74,11.63,0.84,0.75,686.0,303.0,989.0,1218.0,590.0,1808.0,5340.0,2750.0,8091.0,4342931.574013646,181758.66730940374,625.7100742084432,1852,1852,1779,1779,0.0,1.0,40,27,Pedagogía en Idiomas,1074271.39,1.8900000000000006,21331835.432755858,1.7
"Pedagogía en Lenguaje, Comunicación y/o Castellano",Educación,Universidades,1,982285.34,1112044.69,1159678.22,1200218.04,1253572.23,642521.29,831104.87,986726.47,1155648.63,1293314.74,806922.9,1052811.67,1255271.44,1418513.88,1574729.57,0.76,0.79,0.87,0.84,0.79,0.87,0.89,0.88,0.86,0.87,0.83,0.87,9.78,11.33,0.87,0.78,533.0,216.0,749.0,734.0,351.0,1085.0,3011.0,1415.0,4427.0,4135191.715166461,200972.38372379777,618.4518110661269,1020,1020,1046,1046,0.0,1.0,26,24,"Pedagogía en Lenguaje, Comunicación y/o Castellano",1200218.04,1.5500000000000007,20422059.870887794,1.4
Pedagogía en Matemáticas y Computación,Educación,Universidades,1,1098075.85,1207960.26,1264004.35,1296180.17,1331942.03,765089.25,929156.44,1077436.9,1270921.22,1477121.32,950538.12,1152449.66,1331950.03,1502193.22,1772475.96,0.87,0.94,0.92,0.92,0.9000000000000001,0.93,0.93,0.96,0.95,0.94,0.9099999999999999,0.95,9.72,11.83,0.83,0.72,291.0,306.0,597.0,336.0,355.0,691.0,1459.0,1665.0,3124.0,4450674.9730872745,161916.0211457132,709.8522578859989,1179,1179,633,633,0.0,1.0,34,28,Pedagogía en Matemáticas y Computación,1296180.17,2.1099999999999994,21792196.39034987,1.4
Periodismo,Ciencias Sociales,Universidades,1,1033449.85,1183215.07,1312880.16,1436817.01,1512509.82,619513.93,752193.11,951234.33,1195984.66,1626340.09,790723.67,1012990.6,1375090.38,1808259.0999999999,2279027.35,0.61,0.68,0.75,0.71,0.63,0.7400000000000001,0.7799999999999999,0.81,0.81,0.75,0.7,0.79,9.37,11.43,0.87,0.82,771.0,615.0,1386.0,860.0,626.0,1486.0,3931.0,3619.0,7550.0,6137535.308531469,203532.76545454544,648.5247555622825,1727,1635,1462,1462,0.030909090909090886,1.0,31,24,Periodismo,1436817.01,2.0600000000000005,28957885.685924474,1.7
Programas de Formación Pedagógica,Educación,Universidades,1,1208865.18,1306701.18,1353377.57,1430797.3,1473718.8,698688.52,882785.6,1096108.35,1414088.77,1783090.49,767346.95,1052640.84,1315985.2,1608842.7299999997,2059799.4100000001,0.79,0.81,0.85,0.8300000000000001,0.85,0.84,0.8300000000000001,0.89,0.87,0.86,0.84,0.87,,,,,183.0,170.0,353.0,19.0,5.0,24.0,521.0,411.0,932.0,4061832.230463576,121887.94701986756,,797,677,24,24,0.29271523178807946,1.0,24,9,Programas de Formación Pedagógica,1430797.3,,,
Psicología,Ciencias Sociales,Universidades,1,998896.29,1113650.88,1203197.03,1303330.58,1395488.46,582563.97,692846.19,880597.51,1141263.75,1504984.05,754017.38,983535.18,1220000.68,1568857.0,2066010.37,0.51,0.58,0.66,0.63,0.56,0.73,0.76,0.8,0.78,0.77,0.62,0.78,10.08,11.5,0.87,0.82,4926.0,1849.0,6775.0,8138.0,3421.0,11559.0,40283.0,16264.0,56549.0,5916854.674244004,200552.65124656365,644.7903223395535,13143,12673,11275,10983,0.04808038676651816,1.0,140,50,Psicología,1303330.58,1.42,30021500.209436346,1.9
Psicopedagogía,Educación,Institutos Profesionales / Universidades,2,834398.9625142496,900827.1495186829,941937.0830145661,979190.5872324256,1015340.5236162128,574825.2766244458,647649.299841672,783934.5677200761,953365.0890563647,1168529.2448765042,620984.6640215326,785927.0103166562,1007848.7222799239,1194107.2656618112,1476569.5585877136,0.45557314756174794,0.4049081697276757,0.5891513616212792,0.58,0.6108486383787207,0.6208486383787206,0.5515136162127929,0.6216972767574414,0.6542431918936035,0.6842431918936036,0.59,0.6533945535148828,8.04830272324256,9.572685243825205,0.7208486383787206,0.5850918302723241,1500.0,79.0,1579.0,2357.0,249.0,2606.0,10018.0,788.0,10806.0,2358328.0704767546,184997.35958937914,,3847,1628,2454,1686,0.37330964366794983,1.0,102,12,Psicopedagogía,979190.5872324256,1.5243825205826447,9675266.475548098,0.8
Publicidad,Ciencias Sociales,Institutos Profesionales / Universidades,2,876315.4471119134,1052861.010192539,1180492.1751263537,1330779.0750782192,1457596.9477858003,578839.9026113116,659379.6185559566,774567.8136341757,924048.2692178099,1172427.6287003611,730371.617713598,950880.9565102287,1226929.0841034898,1684666.4234777375,2206888.4407220217,0.5013116726835138,0.6592178098676293,0.715655836341757,0.6772803850782191,0.5974368231046931,0.7037184115523465,0.7175932611311673,0.785655836341757,0.7556558363417569,0.7534055354993984,0.6654993983152827,0.7595306859205776,8.214873646209385,9.575499398315284,0.8456558363417569,0.7834055354993983,473.0,358.0,831.0,886.0,400.0,1286.0,3118.0,1694.0,4812.0,5471874.698046181,152425.753330373,622.7415175097277,1603,1325,1244,1145,0.05062166962699821,1.0,21,14,Publicidad,1330779.0750782192,1.3606257521058982,22627805.37950013,1.4
Química y Farmacia,Salud,Universidades,1,2011053.46,2193168.58,2273157.93,2368256.33,2463864.51,1306484.48,1656171.0,2010766.52,2332289.56,2690121.55,1588981.57,1991721.14,2351271.38,2795829.83,3270968.42,0.97,1.0,0.99,0.99,0.98,0.96,0.98,0.99,0.99,0.98,0.98,0.98,10.76,14.25,0.88,0.83,622.0,426.0,1048.0,1811.0,1135.0,2946.0,7150.0,4692.0,11842.0,6028232.852654388,175916.6045503792,752.9179902491874,3219,3219,2434,2434,0.0,1.0,36,28,Química y Farmacia,2368256.33,3.49,32607809.35183099,1.1
"Química, Licenciado en Química",Ciencias Básicas,Universidades,1,1052323.17,1232128.79,1427856.92,1545659.3400000003,1488644.05,595596.82,803992.03,963526.5799999998,1212954.86,1745044.73,547413.92,982373.8,1378155.1599999997,2046980.2800000003,2405001.21,,,,,,,,,,,0.6099999999999999,0.66,10.14,14.720000000000002,0.77,0.6400000000000001,53.0,62.0,115.0,121.0,106.0,227.0,450.0,510.0,960.0,5794806.019656019,155301.4742014742,758.648492706645,229,229,227,227,0.0,1.0,9,7,"Química, Licenciado en Química",1545659.3400000003,4.580000000000002,29534967.993857495,1.6
Realizador de Cine y Televisión,Arte y Arquitectura,Universidades,1,1110014.78,1250958.69,1143405.0,1160555.59,1064588.78,574528.03,673448.0800000001,845990.96,1159995.89,1776105.1600000001,675004.21,868909.21,1107159.02,1363524.86,1784641.21,0.42,0.35,0.45,0.55,0.43000000000000005,0.39,0.52,0.45,0.57,0.56,0.48,0.55,9.1,12.06,0.8899999999999999,0.8300000000000001,101.0,104.0,205.0,190.0,170.0,360.0,701.0,761.0,1462.0,7154278.744804655,191710.68329177058,688.8226315789473,409,409,360,360,0.0,1.0,8,7,Realizador de Cine y Televisión,1160555.59,2.960000000000001,32743678.972152952,2.4
Relaciones Públicas,Ciencias Sociales,Institutos Profesionales / Universidades,2,925315.4983428572,1054830.5330857143,1087965.4110285714,1241316.6122857146,1376091.7753142857,557621.4402285714,662938.5137142857,824980.3679428571,1050719.457257143,1793264.295542857,669876.4572571429,809448.8932571429,1086906.8898857145,1371919.307657143,1815520.2422285713,0.3777142857142858,0.5623999999999999,0.5774857142857143,0.4952,0.4752571428571429,0.5951428571428571,0.6727428571428572,0.6573714285714286,0.6425714285714286,0.6349714285714286,0.5151428571428571,0.6474857142857143,8.0,9.663142857142859,0.78,0.6624000000000001,135.0,40.0,175.0,141.0,41.0,182.0,647.0,202.0,849.0,3070775.075987842,85191.31306990882,,330,190,182,146,0.4741641337386018,1.0,11,3,Relaciones Públicas,1241316.6122857146,1.6631428571428586,12368291.617021276,0.8
Secretariado Bilingüe,Administración y Comercio,Centros de Formación Técnica,1,1031117.6300000001,1096161.37,1113420.14,1136314.13,1166457.52,662930.26,761868.78,1017025.23,1458945.52,1890400.3399999999,642466.95,822711.63,1000901.53,1522461.66,1979601.21,0.7,0.72,0.78,0.84,0.59,0.75,0.75,0.81,0.67,0.68,0.75,0.74,6.0,7.24,0.64,,35.0,2.0,37.0,123.0,15.0,138.0,271.0,27.0,298.0,1708494.9561403508,181500.0,,185,100,116,43,0.5745614035087719,1.0,3,1,Secretariado Bilingüe,1136314.13,1.2400000000000002,5306984.868421053,0.4
Sociología,Ciencias Sociales,Universidades,1,1089620.51,1200016.33,1312597.02,1417499.73,1581981.79,594070.5899999999,666242.96,920923.43,1292390.56,1818237.99,727900.15,1031364.8399999999,1365715.4299999997,1927079.0,2472635.24,0.45,0.51,0.63,0.6600000000000001,0.58,0.63,0.67,0.7,0.8,0.73,0.62,0.75,9.83,12.99,0.74,0.6600000000000001,236.0,243.0,479.0,255.0,238.0,493.0,1322.0,1133.0,2455.0,5618538.236093943,155912.39925834365,684.5976384662205,710,710,493,493,0.0,1.0,18,17,Sociología,1417499.73,3.16,27771027.829660077,1.6
Tecnología Médica,Salud,Universidades,1,1226007.28,1456786.37,1634698.4,1750943.4,1836410.79,583051.64,714570.14,968084.53,1292703.28,1661451.28,982751.2300000001,1360064.94,1720266.12,2102914.62,2577122.7,0.77,0.95,0.88,0.73,0.57,0.89,0.96,0.9400000000000001,0.88,0.8,0.71,0.85,10.05,12.74,0.86,,1352.0,858.0,2210.0,2194.0,1189.0,3383.0,10413.0,6009.0,16422.0,6409252.818074314,171683.7712703056,659.1383898903073,3502,3502,3346,3346,0.0,1.0,45,25,Tecnología Médica,1750943.4,2.6899999999999995,32378179.182093736,1.5
Terapia Ocupacional,Salud,Institutos Profesionales / Universidades,2,877845.0854722704,1027956.471806759,1142183.7396533797,1248188.5410745235,1300917.2757019063,554395.4147487003,635308.5576126516,782851.850922877,1008368.3277989603,1282510.176819757,697366.4104939342,952651.9106845754,1268989.4613951473,1560408.8719280763,1923280.6088431543,0.3748613518197573,0.6167590987868284,0.5683795493934141,0.49918977469670717,0.42513864818024266,0.661897746967071,0.7735181975736569,0.7551386481802427,0.7310875216637781,0.6827079722703638,0.49756932409012133,0.7118977469670711,9.98622616984402,11.494306759098787,0.8383795493934141,0.7099999999999999,2001.0,307.0,2308.0,2629.0,456.0,3085.0,12089.0,2066.0,14155.0,5402247.019910547,160996.32751406723,590.1640308351178,3642,3642,3065,3065,0.0,1.0,62,33,Terapia Ocupacional,1248188.5410745235,1.5080805892547673,27135026.610610355,1.8
Trabajo Social,Ciencias Sociales,Institutos Profesionales / Universidades,2,1062671.7520547945,1122229.8364383562,1170864.0484931506,1198121.8139726026,1261701.1987671233,592038.235890411,715664.984109589,944601.9972602739,1279037.4879452055,1694806.465479452,689597.0108219177,907629.6590410959,1181209.0732876714,1536620.3243835615,2022616.9987671236,0.6153424657534246,0.6453424657534247,0.69,0.6806849315068493,0.6453424657534247,0.7239726027397261,0.7586301369863014,0.7786301369863015,0.7693150684931507,0.7593150684931507,0.6753424657534246,0.7639726027397261,8.84972602739726,10.514657534246577,0.771917808219178,0.6199999999999999,5834.0,955.0,6789.0,5628.0,1082.0,6711.0,27386.0,5461.0,32848.0,2903377.0584850106,157474.80467077089,564.4860996539793,10170,5050,6649,4557,0.3332441113490364,1.0,221,44,Trabajo Social,1198121.8139726026,1.6649315068493173,13004520.56558222,0.9
Traducción e Interpretación,Humanidades,Universidades,1,803174.11,858313.63,902136.39,981267.92,985231.5700000001,555966.63,607152.94,722799.93,965602.7299999999,1331790.68,594494.7,690303.82,872548.65,1103698.8,1494917.42,0.3,0.33,0.45,0.41,0.39,0.37,0.43,0.48999999999999994,0.54,0.48000000000000004,0.42,0.51,9.04,12.41,0.82,,192.0,91.0,283.0,418.0,170.0,588.0,2168.0,980.0,3148.0,4602982.390615092,176064.66455294864,611.3321786248131,1156,1031,701,603,0.03614457831325302,1.0,25,11,Traducción e Interpretación,981267.92,3.370000000000001,20981545.07013316,1.8
Técnico Agropecuario,Agropecuaria,Centros de Formación Técnica / Institutos Profesionales / Universidades,3,856319.4384432359,890057.0438273285,936275.1977702244,1004049.4141196465,1039779.7256832087,556578.8679401767,637997.0021957852,767683.054656696,1010489.9900679811,1410375.9065057784,588780.3771312032,706103.2893881714,916518.7384228414,1217221.3922909584,1604591.7015839564,0.4278042148198504,0.5178314072059823,0.5146023113528212,0.4545955132562883,0.5091094493541809,0.5350985723997281,0.5847110808973488,0.6110061182868797,0.5605914343983686,0.5485791978246092,0.4936233854520734,0.5687219578518015,4.713269884432359,6.571747110808974,0.6787763426240653,,669.0,802.0,1471.0,890.0,1033.0,1923.0,1921.0,2380.0,4301.0,2554922.6950596254,231828.40885860307,,2263,2263,1280,1280,0.0,1.0,66,17,Técnico Agropecuario,1004049.4141196465,1.858477226376615,6252848.506697249,0.5
Técnico Asistente del Educador Diferencial,Educación,Centros de Formación Técnica / Institutos Profesionales,2,643844.7089262966,660222.3003730664,671491.4513011829,676263.7977252047,721252.173343949,527715.3217470428,559651.1333985442,622753.8757597817,734084.42244313,890632.222534122,541382.8895131939,579732.1189717925,652854.3932074613,786761.0918471338,988618.2138989992,0.3346997270245678,0.2797270245677889,0.3946451319381256,0.3997270245677889,0.35961783439490447,0.49005459508644217,0.42967242948134665,0.42978161965423106,0.4897816196542311,0.49486351228389447,0.3846451319381256,0.4748089171974523,4.850928116469518,6.051692447679709,0.7051910828025478,,2125.0,73.0,2198.0,3310.0,130.0,3440.0,8726.0,317.0,9043.0,2002700.478265753,168330.8341008649,,5560,2686,3394,2275,0.3353925643041671,1.0,132,22,Técnico Asistente del Educador Diferencial,676263.7977252047,1.2007643312101912,5025808.8635440115,0.6
Técnico Asistente del Educador de Párvulos,Educación,Centros de Formación Técnica / Institutos Profesionales / Universidades,3,661914.6301656762,681361.0297100665,690424.0179290475,708449.4146659463,738938.4099027552,528992.7867765173,563745.8451215558,637853.4106014767,760005.360576265,887440.622382496,545552.2063047001,603146.8528471097,711673.5276499189,816234.0109058168,933155.1614496668,0.3926724293174861,0.3405942733657482,0.4161012065550153,0.4080641094903656,0.3571763010985053,0.525472717450027,0.4699765892310463,0.47509814514676746,0.4805006302899334,0.4851809832522961,0.39708265802269044,0.4814928867278948,4.780842787682334,5.7797820997658915,0.7171060687916442,,5541.0,12.0,5553.0,8625.0,55.0,8680.0,21482.0,83.0,21565.0,2066063.9681847896,200073.8315537154,,11083,6241,8337,6249,0.27729352800174334,1.0,189,33,Técnico Asistente del Educador de Párvulos,708449.4146659463,0.9989393120835572,5138837.342147013,0.6
Técnico Dental y Asistente de Odontología,Salud,Centros de Formación Técnica / Institutos Profesionales,2,665081.3225132555,698704.8975874867,724469.566426299,760752.0442841994,788862.8240349947,539232.6439130434,577308.9568663839,643808.720397667,721078.6355037115,839044.8008642629,563391.1610127253,642582.6743796396,753920.099862142,878806.3857211028,1050985.949533404,0.31250265111346764,0.5881283138918346,0.6268769883351007,0.535625662778367,0.49500530222693534,0.41687698833510073,0.6012513255567339,0.6550053022269353,0.6012513255567339,0.5731230116648993,0.5625026511134678,0.6068769883351008,4.974374337221633,5.882470837751856,0.7537539766702015,,1664.0,222.0,1886.0,1827.0,346.0,2173.0,5283.0,892.0,6175.0,2721874.293574524,192916.33691351046,,2087,2087,1870,1870,0.0,1.0,76,12,Técnico Dental y Asistente de Odontología,760752.0442841994,0.9080965005302231,6962727.154463697,0.8
Técnico Jurídico,Derecho,Centros de Formación Técnica / Institutos Profesionales,2,1019081.9365328467,1041759.4359124086,1025918.4271167883,1043897.9636131385,1012641.6966423357,580158.4016058394,710545.6015693431,938691.2001824817,1234681.6571532846,1725741.4082846716,588153.195510949,693117.3916788321,932779.8805839415,1195766.3680656934,1537309.4449270074,0.4382481751824817,0.6072992700729927,0.6191970802919708,0.6228467153284671,0.616021897810219,0.5963503649635037,0.5836496350364964,0.6572992700729926,0.6655474452554744,0.6582481751824817,0.616021897810219,0.6582481751824817,4.897627737226277,6.022883211678831,0.6081021897810218,,615.0,207.0,822.0,801.0,301.0,1102.0,2053.0,782.0,2835.0,2302143.590515619,294385.773428679,,1350,415,1070,526,0.4753481369966127,1.0,66,5,Técnico Jurídico,1043897.9636131385,1.1252554744525538,5931906.925422173,0.5
Técnico Laboratorista Dental,Salud,Centros de Formación Técnica / Institutos Profesionales,2,797801.1498550725,846696.7380434782,852473.8265217391,849099.2551086957,909397.9833695653,552845.5007608695,597581.3271739131,731742.0831884057,908124.697862319,1269518.4688043478,552661.7657246375,639220.1901086956,804662.4260144926,984107.9711594202,1212429.8151449277,0.2832246376811594,0.5652898550724637,0.5173550724637682,0.5390579710144927,0.3951086956521739,0.2407608695652174,0.548876811594203,0.6060507246376811,0.566231884057971,0.6052898550724638,0.4817028985507246,0.5943478260869566,5.0,6.130181159420289,0.8054710144927536,,200.0,76.0,276.0,315.0,84.0,399.0,872.0,262.0,1134.0,2713406.746031746,122708.99470899471,,429,429,399,399,0.0,1.0,15,4,Técnico Laboratorista Dental,849099.2551086957,1.1301811594202889,6906225.859788359,0.7
Técnico Veterinario,Agropecuaria,Centros de Formación Técnica / Institutos Profesionales,2,703713.7498969074,733411.3140206186,782437.8836082474,804713.3872164949,824814.5694845362,537714.847113402,582199.9775257732,669091.8817525773,789154.7294845361,987219.2222680412,538180.9022680413,601585.76,764825.0864948453,890571.8097938144,1141976.7756701033,0.35515463917525775,0.40072164948453615,0.48195876288659795,0.43463917525773205,0.3907216494845361,0.47319587628865983,0.5724742268041237,0.5614432989690722,0.517319587628866,0.4765979381443299,0.43268041237113397,0.51,5.0,6.377113402061856,0.8060824742268041,,703.0,170.0,873.0,1617.0,415.0,2032.0,4057.0,1082.0,5139.0,2783717.0078111133,64875.98721817859,,2963,2963,2341,2341,0.0,1.0,38,10,Técnico Veterinario,804713.3872164949,1.3771134020618563,7024168.506745962,0.7
Técnico en Acuicultura y Pesca,Agropecuaria,Centros de Formación Técnica,1,1303716.18,1361159.54,1485977.24,1431508.93,1528200.38,693679.73,856531.73,1221749.43,1599006.18,2076737.2599999998,781243.68,975925.82,1399105.39,1755713.42,1940236.43,,,,,,,,,,,0.85,0.87,5.0,6.61,0.84,,26.0,41.0,67.0,67.0,99.0,166.0,163.0,191.0,354.0,2315900.0,3323.076923076923,,195,195,184,184,0.0,1.0,5,4,Técnico en Acuicultura y Pesca,1431508.93,1.6100000000000003,5793073.076923077,0.3
Técnico en Administración Financiera y Finanzas,Administración y Comercio,Centros de Formación Técnica / Institutos Profesionales,2,1171410.7877223426,1199579.6392190892,1251410.9652060736,1310540.1459652928,1390967.4487852494,649731.5359652928,830131.6638394793,1123522.8122342734,1494295.13681128,2096643.1476572668,672272.506659436,874094.3629501085,1200843.8153362256,1662868.994034707,2293852.1153579173,0.64,0.65,0.67,0.68,0.71,0.69,0.72,0.77,0.7,0.73,0.7042516268980478,0.7430585683297181,4.848438177874187,6.871062906724512,0.7470932754880695,,260.0,201.0,461.0,32.0,33.0,65.0,128.0,110.0,238.0,2205216.9811320757,227798.7421383648,,90,0,65,0,0.949685534591195,1.0,21,4,Técnico en Administración Financiera y Finanzas,1310540.1459652928,2.0226247288503245,5573727.8430469725,0.4
Técnico en Administración Pública o Municipal,Ciencias Sociales,Centros de Formación Técnica / Institutos Profesionales,2,1135845.0757091562,1192895.7762118492,1274206.5233034112,1354933.0518132856,1436255.6105924593,631831.8736445243,749252.5043806105,991540.1075763016,1314247.288384201,1777636.0200359067,786493.0015260323,996121.763967684,1256629.2756732495,1642390.0604667864,2020155.7468402155,0.88508078994614,0.8553680430879713,0.7869658886894075,0.7897127468581687,0.8056552962298025,0.9434829443447037,0.9172531418312387,0.8931956912028726,0.8229084380610413,0.8218850987432674,0.7934829443447037,0.8394254937163377,4.825780969479354,5.8895870736086176,0.6459425493716338,,752.0,362.0,1114.0,1447.0,589.0,2036.0,3162.0,1367.0,4529.0,2018761.0952627491,173935.94745016826,,3710,1598,1640,733,0.6109241522133058,1.0,131,29,Técnico en Administración Pública o Municipal,1354933.0518132856,1.063806104129264,5044985.385172304,0.3
Técnico en Administración de Empresas,Administración y Comercio,Centros de Formación Técnica / Institutos Profesionales / Universidades,3,1130647.1460182336,1160567.2139213828,1193872.4156689558,1253426.2947466257,1303809.6498993605,597319.8455434525,729629.5983874024,962922.5129220933,1337172.7878344778,1844862.4026249112,637923.9182370353,807446.7105103008,1090535.734514563,1535932.968934407,2179207.423945063,0.6381281079801089,0.6869973952166706,0.686206488278475,0.6933104428131661,0.6907565711579448,0.6868138763911911,0.7121300023679848,0.7469725313757992,0.7055493724840162,0.7173123372010418,0.6894423395690268,0.7221548662088564,4.634436419606915,6.045389533506985,0.6725787354960928,,5558.0,2888.0,8446.0,7814.0,4595.0,12409.0,17641.0,10079.0,27721.0,2331198.1019037473,248408.18981888925,,15602,8693,9246,5345,0.4655148455231831,1.0,439,46,Técnico en Administración de Empresas,1253426.2947466257,1.41095311390007,5650302.882209509,0.4
Técnico en Administración de Recursos Humanos y Personal,Administración y Comercio,Centros de Formación Técnica / Institutos Profesionales / Universidades,3,1032072.4831843576,1041372.6724022345,1069169.5094972067,1131637.06273743,1202511.9924581004,617227.434916201,725192.7579608939,927920.7533519552,1288515.2690223462,1790831.6497206704,626433.5246927374,803181.3634357541,1018877.019301676,1368199.9134636873,1834085.8240782123,0.6310055865921789,0.6784078212290504,0.716731843575419,0.7049441340782122,0.6983240223463686,0.6646927374301677,0.7018994413407821,0.76,0.7460335195530726,0.7405307262569832,0.7058379888268156,0.7446927374301675,4.93927374301676,6.250111731843576,0.6882960893854748,,879.0,195.0,1074.0,1095.0,263.0,1358.0,2837.0,657.0,3494.0,2128791.6444715946,124346.82345754429,,2300,862,1270,471,0.6652412950519242,1.0,66,17,Técnico en Administración de Recursos Humanos y Personal,1131637.06273743,1.3108379888268162,5381689.160403553,0.4
Técnico en Administración de Redes y Soporte,Tecnología,Institutos Profesionales,1,1428586.52,1344987.17,1269000.18,1256914.14,1275604.59,702578.48,914993.94,1238497.64,1847982.75,2798557.36,665775.51,815657.16,1073077.69,1486041.31,1998440.43,0.69,0.81,0.86,0.87,0.89,0.76,0.78,0.89,0.83,0.84,0.87,0.85,4.57,5.95,0.59,,20.0,206.0,226.0,105.0,681.0,786.0,240.0,1603.0,1843.0,2407691.249356002,140424.2658423493,,1886,400,895,164,0.8088614116434827,1.0,43,13,Técnico en Administración de Redes y Soporte,1256914.14,1.38,5641998.7706208145,0.4
Técnico en Alimentos,Tecnología,Institutos Profesionales / Universidades,2,839473.0557894738,945216.8484210526,1015248.9857894738,1113246.148,1145753.0616842106,569335.6257894738,713589.9310526316,814836.4753684211,941299.2692631581,1180163.9388421052,705898.0731578947,803742.4734736843,1031484.2136842104,1336844.9057894736,1689933.6944210527,0.6479999999999999,0.6616842105263158,0.6264210526315789,0.6027368421052631,0.57,0.7763157894736842,0.7426315789473685,0.6736842105263158,0.6773684210526315,0.6836842105263158,0.6082105263157895,0.6791578947368421,4.89,5.73,0.6728421052631579,,70.0,25.0,95.0,47.0,45.0,92.0,141.0,110.0,251.0,2700263.4204275534,94144.89311163896,,303,303,175,175,0.0,1.0,14,8,Técnico en Alimentos,1113246.148,0.8400000000000007,6696288.9560570065,0.5
Técnico en Comercio Exterior,Administración y Comercio,Centros de Formación Técnica / Institutos Profesionales / Universidades,3,1056344.3759618008,1123458.6967803547,1158307.8712960435,1194084.2199454298,1280491.4520190996,626043.0372169168,742634.0331787175,946640.9571623466,1266006.7848431105,1705829.6824010916,684253.7277353343,860164.3435061391,1099819.581882674,1435378.1927967258,1898895.0448840384,0.6652957746478874,0.7382535211267607,0.8117746478873238,0.7452957746478873,0.7458873239436619,0.7470704225352114,0.7488169014084508,0.821774647887324,0.7870704225352112,0.7811830985915493,0.7606821282401091,0.7946521145975443,4.632394366197183,6.484591549295774,0.6902046384720327,,419.0,314.0,733.0,843.0,559.0,1402.0,1643.0,1243.0,2886.0,2388107.587511826,138934.9574266793,,1983,1001,932,531,0.43235572374645226,1.0,43,20,Técnico en Comercio Exterior,1194084.2199454298,1.8521971830985908,5670263.024557943,0.4
Técnico en Computación e Informática,Tecnología,Centros de Formación Técnica / Institutos Profesionales / Universidades,3,1183689.068290413,1319376.643118213,1471007.248324542,1579144.259996897,1671308.2300899783,609460.8300527459,730002.0085758611,965079.6762581446,1324680.357939808,1940498.0678591377,694179.8126155757,934749.3676512566,1411328.9188923363,2114917.079742476,3044203.009540801,0.681526528079429,0.7141172820353707,0.7362984796773193,0.7046788706174373,0.661275209432206,0.7368383493639467,0.7891405522804841,0.8278870617437171,0.7899689730065156,0.7576202295997517,0.7002264970524358,0.785774123487434,4.712221532733478,6.672686937635744,0.6910487123797703,,459.0,2764.0,3223.0,1149.0,5161.0,6310.0,2593.0,12702.0,15295.0,2529496.914505382,199353.80287032292,,8129,5697,3983,2357,0.4282931829830856,1.0,222,35,Técnico en Computación e Informática,1579144.259996897,1.9604654049022656,6159128.7166279005,0.3
Técnico en Comunicación Audiovisual,Arte y Arquitectura,Institutos Profesionales,1,840692.78,865594.8600000001,871515.8999999999,929647.74,923031.6100000001,543746.3,603854.2,735667.32,981384.03,1520230.47,559692.8,650508.69,805160.44,1024502.41,1261850.51,0.27,0.43999999999999995,0.44999999999999996,0.37,0.42,0.43999999999999995,0.42,0.56,0.44999999999999996,0.44999999999999996,0.42,0.48,4.99,6.41,0.72,,44.0,115.0,159.0,57.0,155.0,212.0,154.0,432.0,586.0,3175482.421875,211765.625,,230,230,213,213,0.0,1.0,9,4,Técnico en Comunicación Audiovisual,929647.74,1.42,8134594.267578125,0.7
Técnico en Construcción y Obras Civiles,Tecnología,Centros de Formación Técnica / Institutos Profesionales / Universidades,3,1129574.7925895029,1148358.9723183871,1177270.1566875216,1215003.8892318388,1301264.6567361837,591763.0342961418,717432.4342648592,969838.7918491485,1378054.5268960723,1978001.2724748,605855.4493639207,781523.23637122,1085065.901397289,1521143.3063607926,2092282.7557803264,0.5336739659367397,0.6417657281890858,0.6681856100104275,0.629822732012513,0.6344456030587418,0.5969760166840459,0.66,0.6954675008689607,0.6612095933263816,0.641515467500869,0.6440180743830379,0.6673201251303441,4.652533889468196,6.523013555787278,0.6175912408759124,,536.0,2341.0,2877.0,647.0,3669.0,4316.0,1346.0,8031.0,9377.0,2506691.4695931165,243197.1586699723,,5703,4821,3230,2738,0.07175149482280885,1.0,169,28,Técnico en Construcción y Obras Civiles,1215003.8892318388,1.8704796663190821,6074430.665031377,0.4
Técnico en Contabilidad General,Administración y Comercio,Centros de Formación Técnica / Institutos Profesionales,2,1105517.615736465,1142986.5426910827,1207616.1490127388,1292474.537575637,1368988.1443232484,594958.8411584395,713533.434522293,905583.8169347135,1224273.6191003185,1809879.2184673566,662933.5639570063,831245.8051592356,1135568.214964172,1584798.0396257963,2208414.3317436306,0.6406767515923567,0.69,0.71,0.7038972929936306,0.6938972929936306,0.7267794585987262,0.7203383757961783,0.7871178343949046,0.7706767515923567,0.7506767515923566,0.7003383757961783,0.7638972929936306,4.756604299363056,6.428809713375797,0.7028821656050955,,1725.0,787.0,2512.0,1835.0,938.0,2773.0,4698.0,2274.0,6972.0,2326833.2322809277,230374.11404639174,,4327,1680,2422,997,0.6230670103092784,1.0,124,21,Técnico en Contabilidad General,1292474.537575637,1.6722054140127405,5764286.592330541,0.4
"Técnico en Deporte, Recreación y Preparación Física",Educación,Centros de Formación Técnica / Institutos Profesionales / Universidades,3,840921.820167364,850250.5319665271,887976.0140585775,889020.0643933053,945048.5385355649,543302.909288703,614877.1254393306,747071.4304184101,952673.9033054393,1337319.3331380757,558873.100711297,645951.7059832636,827781.9879916317,1072127.5119246861,1442341.7217154813,0.2557322175732218,0.3134309623430962,0.3889958158995816,0.38125523012552304,0.37682008368200837,0.3142677824267782,0.4165690376569038,0.44154811715481174,0.44627615062761505,0.4425523012552301,0.3822594142259415,0.4442677824267783,4.979665271966527,6.363891213389121,0.7287029288702929,,456.0,1456.0,1912.0,907.0,3155.0,4062.0,2285.0,7570.0,9855.0,2530626.5575833856,70227.50157331655,,3727,3667,4023,3984,0.011537654709460887,1.0,100,12,"Técnico en Deporte, Recreación y Preparación Física",889020.0643933053,1.384225941422594,6371064.09413041,0.6
Técnico en Dibujo Arquitectónico,Arte y Arquitectura,Institutos Profesionales,1,849611.75,903010.54,987150.39,1046250.94,1140108.56,579983.52,661608.08,819056.63,1011226.02,1262323.59,619614.34,756988.88,980246.0,1299422.05,2001321.64,0.56,0.59,0.64,0.57,0.54,0.68,0.62,0.73,0.7,0.68,0.59,0.7,5.0,6.54,0.72,,86.0,139.0,225.0,89.0,157.0,246.0,280.0,482.0,762.0,2670046.296296296,0.0,,160,160,143,143,0.0,1.0,24,2,Técnico en Dibujo Arquitectónico,1046250.94,1.54,6675115.740740741,0.5
Técnico en Diseño Gráfico,Arte y Arquitectura,Institutos Profesionales,1,914509.2,839185.1,859415.07,863093.75,934014.29,544486.29,631673.86,806124.27,1113258.77,1853222.93,550824.91,649758.06,839647.42,1104137.24,1277681.05,0.27,0.24,0.48,0.38,0.52,0.41,0.38,0.38,0.52,0.45,0.48,0.46,4.77,6.09,0.63,,121.0,102.0,223.0,193.0,159.0,352.0,528.0,415.0,943.0,2497662.6702269693,123081.85046728973,,1998,1427,395,178,0.5874499332443257,1.0,66,7,Técnico en Diseño Gráfico,863093.75,1.3200000000000003,6080007.318958611,0.6
Técnico en Electricidad y Electricidad Industrial,Tecnología,Centros de Formación Técnica / Institutos Profesionales / Universidades,3,1265875.967652174,1318900.1447686956,1381740.4978956522,1419622.9543165218,1495976.0791408694,628302.7823513043,796044.9203304347,1061692.4672486954,1527886.911158261,2236871.039116522,745109.03,946207.2488000001,1310968.3306052173,1836635.2696939134,2624841.159332174,0.6667791304347827,0.7721113043478262,0.7863060869565216,0.776184347826087,0.7808521739130434,0.7270365217391305,0.7884973913043479,0.8246017391304348,0.8184173913043478,0.8,0.7770365217391304,0.8142086956521739,4.828699130434783,6.287081739130435,0.6832208695652174,,122.0,2753.0,2875.0,440.0,6394.0,6834.0,843.0,13877.0,14720.0,2517475.9617322222,249757.96861073436,,7388,6218,4866,4043,0.1663437318349157,1.0,223,34,Técnico en Electricidad y Electricidad Industrial,1419622.9543165218,1.4583826086956515,6327824.962264161,0.4
Técnico en Electromecánica,Tecnología,Institutos Profesionales,1,1077527.11,1196766.47,1226714.49,1298724.43,1341674.42,684020.15,821881.22,1093121.72,1403342.8,1736670.31,727972.59,942518.54,1202457.7,1571988.68,2193883.75,0.75,0.84,0.82,0.8,0.79,0.77,0.85,0.87,0.83,0.77,0.81,0.83,4.84,6.04,0.75,,10.0,124.0,134.0,14.0,69.0,83.0,56.0,352.0,408.0,2447038.577441077,288442.7272727273,,525,525,285,285,0.0,1.0,21,9,Técnico en Electromecánica,1298724.43,1.2000000000000002,6210276.084680134,0.4
Técnico en Electrónica y Electrónica Industrial,Tecnología,Centros de Formación Técnica / Universidades,2,975464.1055045872,1090282.9532110093,1153372.728440367,1289587.7154128442,1399112.3411926606,566174.3511926605,643196.8451376148,814967.7448623853,1119108.545504587,1778909.5194495413,679366.1540366971,939815.4491743121,1277211.1907339452,1816305.853944954,2507851.98706422,0.6618348623853211,0.7060550458715598,0.7011926605504588,0.7104587155963302,0.6621100917431192,0.68,0.7744036697247706,0.8683486238532111,0.8232110091743118,0.7495412844036697,0.6990825688073394,0.7978899082568808,4.048807339449541,6.918715596330275,0.6207339449541284,,3.0,106.0,109.0,15.0,153.0,168.0,25.0,319.0,344.0,3260000.0,129000.0,,163,163,73,73,0.0,1.0,5,2,Técnico en Electrónica y Electrónica Industrial,1289587.7154128442,2.8699082568807333,6728555.963302753,0.4
Técnico en Energía,Tecnología,Institutos Profesionales,1,940791.0,985420.39,1095655.59,1147533.86,1430417.18,612463.72,694873.07,795349.73,1042498.38,1390463.27,601782.2,788987.46,946800.25,1209515.83,2514673.74,,,,,,,,,,,0.67,0.7,4.97,6.86,0.77,,15.0,110.0,125.0,23.0,120.0,143.0,59.0,299.0,358.0,2396083.5023041475,131130.0,,632,462,205,86,0.4608294930875576,1.0,21,9,Técnico en Energía,1147533.86,1.8900000000000006,6085397.503225806,0.4
Técnico en Enfermería,Salud,Centros de Formación Técnica / Institutos Profesionales / Universidades,3,793335.1871275528,838354.428844995,868408.0497271509,894658.9054335452,922234.6937880816,555791.7044065952,627430.3106486441,750225.3372380314,895922.9318630733,1071006.8889010714,619588.1272623034,727840.7377276532,874410.3883645799,1033933.5423267493,1242773.892856545,0.6510713090056914,0.7739127887512555,0.7082524271844661,0.6287152661533312,0.5830682959491128,0.7097731837964514,0.80890609306997,0.7521744224974891,0.7034725477067291,0.6724012387010379,0.6415341479745564,0.7093463341144962,5.014330431871443,5.941226146635421,0.7304176431201874,,10099.0,1849.0,11948.0,13338.0,2477.0,15816.0,36511.0,6991.0,43503.0,2699910.5453192643,253418.03179112554,,15191,15121,14035,13967,0.004761904761904745,1.0,324,40,Técnico en Enfermería,894658.9054335452,0.9268957147639778,7022539.83715363,0.7
Técnico en Farmacia,Salud,Centros de Formación Técnica / Institutos Profesionales,2,901948.4616257669,940731.2770552146,974266.0108077709,1022900.627402863,1043016.9235378323,618272.1690797546,710486.0058282209,876666.0497648261,1088101.6316666668,1285632.5873210635,680450.5187014315,804716.9910327198,941519.3773312883,1158037.7703067486,1402963.6071574644,0.7743762781186094,0.7999999999999999,0.7484355828220859,0.7887525562372187,0.8031288343558282,0.8131288343558283,0.8887525562372188,0.8756237218813906,0.7868711656441718,0.7931288343558283,0.7843762781186094,0.8028118609406952,4.9640593047034764,5.918773006134969,0.7137423312883435,,751.0,227.0,978.0,1621.0,460.0,2081.0,3850.0,1045.0,4895.0,2348982.610188573,137013.79116239797,,3005,2350,1446,1081,0.3169152828595553,1.0,70,13,Técnico en Farmacia,1022900.627402863,0.9547137014314924,5967258.2825090205,0.5
Técnico en Gastronomía y Cocina,Administración y Comercio,Centros de Formación Técnica / Institutos Profesionales,2,738378.4856512605,775717.8020438175,793105.0085264106,824881.224429772,867090.4226140457,537693.6309183673,586555.9378241296,678004.5870858344,814024.5225690275,1000841.5826920768,551622.3891236495,625314.7841806723,765100.8263985594,951562.3544627851,1284975.3857713083,0.20733793517406962,0.3729351740696279,0.44853241296518614,0.4358703481392557,0.40027310924369747,0.27293517406962786,0.3917406962785114,0.5029351740696278,0.4955972388955582,0.4758703481392557,0.4258703481392557,0.4914675870348139,4.3609903961584635,6.434231692677071,0.7670648259303722,,1920.0,1412.0,3332.0,3241.0,2519.0,5760.0,6769.0,5596.0,12365.0,3111947.7248345525,185255.762800418,,6054,6054,2490,2490,0.0,1.0,113,15,Técnico en Gastronomía y Cocina,824881.224429772,2.0732412965186073,6970842.83347575,0.7
Técnico en Geología,Ciencias Básicas,Institutos Profesionales,1,860678.34,955424.6,963681.22,947952.17,1078711.63,577554.74,651578.81,921184.0600000002,1143870.21,1387094.22,614523.35,727785.68,880335.17,1194935.38,1766938.09,0.3,0.57,0.62,0.64,0.4699999999999999,0.55,0.5,0.69,0.6,0.61,0.58,0.62,5.0,7.09,0.8,,19.0,27.0,46.0,14.0,24.0,38.0,53.0,106.0,159.0,2900866.6666666665,12141.666666666666,,60,60,49,49,0.0,1.0,2,2,Técnico en Geología,947952.17,2.09,7264308.333333333,0.6
Técnico en Geominería,Ciencias Básicas,Centros de Formación Técnica,1,1150746.53,1178896.06,1360337.46,1271889.24,1374154.52,663420.13,727009.56,999083.1500000001,1282036.62,3075950.97,749818.79,837901.62,1137214.7,1581849.9,2086257.58,,,,,,,,,,,0.71,0.73,,,0.74,,6.0,15.0,21.0,27.0,40.0,67.0,55.0,85.0,140.0,2485499.157142857,160695.0,,160,160,67,67,0.0,1.0,4,1,Técnico en Geominería,1271889.24,,,
"Técnico en Instrumentación, Automatización y Control Industrial",Tecnología,Centros de Formación Técnica / Institutos Profesionales / Universidades,3,1898807.7685077952,2062406.7838028953,2105556.830139198,1913813.582739421,1786279.10266147,806063.3675445433,1068372.631642539,1499174.2365311806,2181307.110339644,3440018.5026336308,767182.3076726057,1085200.0118875278,1581827.7506458797,2475202.5415868596,3684175.256859688,0.7428897550111357,0.8494599109131403,0.8698663697104676,0.8734465478841871,0.8617149220489978,0.7728730512249443,0.8675723830734967,0.9182071269487752,0.889153674832962,0.8964922048997772,0.8738530066815143,0.8948552338530066,4.569331848552339,6.7286024498886405,0.6140478841870823,,148.0,1648.0,1796.0,422.0,2757.0,3179.0,799.0,6257.0,7056.0,2281250.4926900584,259582.86184210525,,3911,1597,2395,831,0.7130847953216375,1.0,122,25,"Técnico en Instrumentación, Automatización y Control Industrial",1913813.582739421,2.159270601336302,5471478.127229304,0.2
Técnico en Laboratorio Clínico,Salud,Centros de Formación Técnica / Institutos Profesionales,2,703080.07442404,756982.8439398998,800547.1039398998,836564.6085976628,864269.249248748,542265.8258931552,589081.4991819699,661216.5328714525,760357.0212520867,858554.6481803005,600545.172721202,706528.5111018363,828238.3269115192,981220.1066277128,1167042.665375626,0.5429215358931553,0.7441569282136895,0.6758430717863105,0.5739899833055092,0.46275459098497496,0.6435392320534224,0.7887646076794658,0.7687646076794658,0.6564607679465777,0.6775292153589315,0.5781469115191986,0.6887646076794658,5.0,5.83118530884808,0.8006176961602672,,483.0,116.0,599.0,605.0,149.0,754.0,1738.0,421.0,2159.0,2674943.7533086287,76213.86977236634,,746,746,754,754,0.0,1.0,22,6,Técnico en Laboratorio Clínico,836564.6085976628,0.8311853088480801,6763573.2530439375,0.7
Técnico en Logística,Administración y Comercio,Centros de Formación Técnica / Institutos Profesionales / Universidades,3,1182777.092724709,1215116.8594783223,1261841.0717342263,1313419.1207648923,1424635.3423123017,632173.3005075784,780015.0077335214,1010143.1110821292,1400561.9902573142,1943037.6405569264,710523.2090623899,904414.4813993656,1193691.6348290448,1675163.174705675,2368218.913785689,0.7109164610504054,0.7623581247796969,0.791455763130067,0.7774938315121608,0.782537892139584,0.7908177652449772,0.8031230172717659,0.8142474444836094,0.808840324286218,0.802040888262249,0.782537892139584,0.8076700740218541,4.6858935495241445,5.797571378216426,0.6913923158265773,,1091.0,1746.0,2837.0,2480.0,3415.0,5895.0,5237.0,7567.0,12804.0,2271500.7282735775,222565.77123928294,,7841,4072,4599,2333,0.5086710833982853,1.0,205,37,Técnico en Logística,1313419.1207648923,1.1116778286922813,5544571.076417559,0.4
Técnico en Mantenimiento Industrial,Tecnología,Centros de Formación Técnica / Institutos Profesionales / Universidades,3,1334850.1266609295,1387034.9225473322,1485205.5801032705,1502402.2666953527,1587537.1173666092,643360.2611876075,800539.8596213425,1115043.6409982787,1572521.5498106712,2483462.867366609,741995.3417039588,973061.0667986231,1370279.047969019,1897780.9618932875,2718980.7278485373,0.6846471600688468,0.7820826161790018,0.8454733218588639,0.784526678141136,0.7859208261617899,0.7539242685025819,0.8147332185886402,0.8725301204819277,0.8710154905335628,0.8259552495697073,0.8070223752151462,0.848485370051635,4.386936316695353,6.648141135972461,0.7044922547332186,,133.0,1610.0,1743.0,475.0,3074.0,3549.0,869.0,6302.0,7171.0,2611823.064853144,245056.37630593337,,4543,4033,2495,2087,0.16006307904592942,1.0,119,20,Técnico en Mantenimiento Industrial,1502402.2666953527,2.2612048192771077,5974007.104299342,0.3
Técnico en Masoterapia,Salud,Institutos Profesionales,1,746455.69,767368.0,773992.11,822570.56,842201.35,523349.63,560354.11,678240.69,884047.36,1193294.41,556765.44,665387.36,802491.2,973487.8899999999,1216246.99,0.23,0.39,0.3,0.32,0.32,0.33,0.43999999999999995,0.54,0.38,0.4,0.31,0.41,4.91,5.59,0.71,,219.0,74.0,293.0,199.0,96.0,295.0,584.0,269.0,853.0,2517569.0055762082,100803.9033457249,,549,549,381,381,0.0,1.0,44,6,Técnico en Masoterapia,822570.56,0.6799999999999997,6281435.812035316,0.6
Técnico en Mecánica Automotriz,Tecnología,Centros de Formación Técnica / Institutos Profesionales / Universidades,3,1094768.4293992573,1138890.131339858,1191697.9396591294,1246924.9229260886,1327583.2693925076,572778.260965238,708797.4439250759,967589.6918022274,1338934.359615255,1821592.6664427945,636757.4595207559,827123.0789841376,1135658.2334694567,1562119.4475531557,2105327.8286297675,0.5243705703678705,0.6466824164697942,0.7238677016537294,0.6682382720215997,0.7061930475869053,0.6208099898751266,0.6859028012149848,0.7495106311171111,0.7492237597030038,0.7374586567667903,0.7013094836314546,0.7428315896051298,4.325626054674317,6.731113736078299,0.6920452244346945,,147.0,2816.0,2963.0,436.0,5716.0,6152.0,835.0,11617.0,12452.0,2771727.382088982,252104.06721405385,,5978,5978,2388,2388,0.0,1.0,131,10,Técnico en Mecánica Automotriz,1246924.9229260886,2.405487681403982,6246832.157423222,0.4
Técnico en Mecánica Industrial,Tecnología,Centros de Formación Técnica / Universidades,2,1604831.6594179894,1659136.5465079367,1704940.7067195766,1752002.576269841,1822519.965952381,694623.2465343915,969922.0319047619,1485035.739100529,2306102.579920635,3391379.217301587,737036.8384920636,1003448.3442063492,1566086.039100529,2160161.9992063493,3341254.407910053,0.7049206349206348,0.8626190476190476,0.8743121693121694,0.7952380952380953,0.8316931216931217,0.7733862433862435,0.8458465608465608,0.8683068783068784,0.8443121693121692,0.8250793650793651,0.8343121693121693,0.8533862433862435,4.647724867724868,6.2132539682539685,0.5916931216931216,,26.0,352.0,378.0,56.0,743.0,799.0,129.0,1536.0,1665.0,2456933.726052471,259154.41122635754,,915,915,854,854,0.0,1.0,34,10,Técnico en Mecánica Industrial,1752002.576269841,1.5655291005291003,5968730.399689351,0.3
Técnico en Metalurgia,Tecnología,Centros de Formación Técnica / Universidades,2,1842880.7645238095,2175566.3726190478,2238426.683809524,2236562.6690476188,2211753.6490476187,699874.8578571429,943111.7895238094,1211053.3354761906,2162035.6642857143,3509891.2316666665,900195.6630952382,1128842.1457142856,1624366.330952381,2997610.5104761906,5199204.814761905,0.6757142857142857,0.8069047619047619,0.8192857142857144,0.8438095238095238,0.7976190476190477,0.7430952380952381,0.7852380952380952,0.8476190476190476,0.8638095238095238,0.8545238095238096,0.8247619047619048,0.8583333333333333,4.058809523809524,6.728333333333334,0.5947619047619048,,73.0,95.0,168.0,126.0,127.0,253.0,228.0,249.0,477.0,2509100.0,92266.66666666667,,589,589,136,136,0.0,1.0,22,4,Técnico en Metalurgia,2236562.6690476188,2.6695238095238105,5184246.154761905,0.2
Técnico en Minería,Tecnología,Centros de Formación Técnica / Institutos Profesionales / Universidades,3,1821179.73991009,1863206.7548251748,1832615.812677323,1760617.6982817182,1805289.020679321,705438.6789610389,964318.0297102897,1455950.7223076923,2449379.9498401596,4135044.803996004,723828.3032467533,977704.1591508492,1403052.1786113887,2317405.928251748,4119556.2980119875,0.6525074925074926,0.7432867132867134,0.7973626373626375,0.7919380619380619,0.8013286713286714,0.666063936063936,0.7568431568431568,0.8323776223776224,0.8092707292707292,0.7978621378621378,0.8006793206793207,0.8131868131868132,4.655114885114885,6.683726273726274,0.6367632367632369,,265.0,736.0,1001.0,1083.0,2347.0,3430.0,2091.0,4894.0,6985.0,2341623.477454999,234422.158973445,,3834,1841,2646,1185,0.5294956335769025,1.0,70,21,Técnico en Minería,1760617.6982817182,2.028611388611389,5684685.311591067,0.3
Técnico en Peluquería y Estética,Arte y Arquitectura,Institutos Profesionales,1,725178.7400000001,765153.84,810030.84,838090.8900000001,859606.8,529910.77,567391.31,680708.51,850519.37,1046300.33,553094.78,635703.83,783666.35,996379.0099999999,1212101.06,0.13,0.25,0.3,0.27,0.27,0.25,0.26,0.36,0.36,0.34,0.28,0.35,5.0,5.71,0.7,,1454.0,29.0,1483.0,1297.0,54.0,1351.0,3610.0,136.0,3746.0,2833204.049058678,604555.6273189501,,1909,1909,3116,3116,0.0,1.0,114,9,Técnico en Peluquería y Estética,838090.8900000001,0.71,7687565.749965645,0.8
Técnico en Podología,Salud,Centros de Formación Técnica / Institutos Profesionales,2,1002404.8437549096,1048887.0833307148,1040445.6820109977,987092.8617203454,1046809.1013511393,574579.7666142969,710852.2856323645,896379.0574941084,1124151.3052710132,1566536.4132600157,619861.1539905735,749004.2505734486,921069.1565278871,1141942.7908405343,1675957.6422466615,0.5887666928515318,0.6073055773762764,0.5895522388059702,0.5710133542812255,0.5573055773762765,0.5710133542812255,0.6298900235663787,0.596967792615868,0.6392144540455617,0.5932600157109191,0.5710133542812255,0.610675569520817,5.0,5.729882168106834,0.8111233307148468,,1201.0,72.0,1273.0,1428.0,110.0,1538.0,3997.0,322.0,4319.0,2477570.7846622653,425064.7536820721,,1196,1196,1538,1538,0.0,1.0,92,8,Técnico en Podología,987092.8617203454,0.7298821681068342,6618991.715337736,0.6
Técnico en Prevención de Riesgos,Tecnología,Centros de Formación Técnica / Institutos Profesionales,2,1422759.3495152604,1380959.9852244165,1343594.3983123878,1201079.0381508078,1182515.4203231598,623887.6163913825,783219.1212208258,1106798.8531059248,1732367.9206463194,2381150.1413285458,606489.1417953322,768293.8200359066,1042457.8663375225,1583011.3640574506,2179775.2665170557,0.5213824057450628,0.6470736086175942,0.7227648114901257,0.7456373429084381,0.7457450628366248,0.5571274685816876,0.627181328545781,0.7328186714542191,0.7456373429084381,0.7785098743267506,0.7442549371633752,0.7570736086175943,4.888240574506284,6.471723518850988,0.5956912028725313,,551.0,563.0,1114.0,1466.0,1152.0,2618.0,3077.0,2570.0,5647.0,2314054.54516129,361447.1647465438,,3755,2100,1778,746,0.6373271889400922,1.0,120,20,Técnico en Prevención de Riesgos,1201079.0381508078,1.5834829443447038,6017274.824385595,0.4
Técnico en Prevención y Rehabilitación,Ciencias Sociales,Universidades,1,1074217.53,1048961.9,958996.51,951145.06,1179917.76,522882.53,600195.56,735019.12,1150416.44,2003099.14,636120.51,678316.84,884546.69,1198995.98,1628361.77,0.64,0.67,0.56,0.68,0.68,0.72,0.64,0.52,0.58,0.6,0.63,0.56,,,,,28.0,33.0,61.0,0.0,0.0,0.0,0.0,0.0,0.0,2011551.5254237289,228245.7627118644,,706,166,350,29,0.9271186440677966,1.0,6,5,Técnico en Prevención y Rehabilitación,951145.06,,,
Técnico en Producción Gráfica y Multimedia,Arte y Arquitectura,Centros de Formación Técnica,1,805809.35,853246.65,860556.88,874814.14,835477.3,560160.51,606452.07,741600.16,946311.79,1113342.91,550217.67,618524.26,722821.29,949079.85,1166567.3,0.21,0.23,0.38,0.3,0.43,0.35999999999999993,0.35999999999999993,0.35999999999999993,0.47,0.4099999999999999,0.38,0.42,4.0,7.3,,,113.0,103.0,216.0,0.0,0.0,0.0,7.0,8.0,15.0,2831245.271028037,195512.1495327103,,325,95,206,69,0.577570093457944,1.0,16,4,Técnico en Producción Gráfica y Multimedia,874814.14,3.3,5858002.691588785,0.6
Técnico en Química (Análisis e Industrial),Ciencias Básicas,Centros de Formación Técnica / Universidades,2,896294.4413043478,1019202.1946086956,1051171.1770434782,1122848.162347826,1222477.5659130432,611658.823826087,699080.6540000001,808057.4054782608,996469.0992173912,1346334.6321739128,705501.6632173914,877250.9026086958,1093283.489826087,1355987.4307826087,1616147.975826087,0.6257391304347826,0.7416521739130434,0.7940869565217391,0.7203478260869566,0.7114782608695651,0.7155652173913043,0.7681739130434783,0.8185217391304347,0.8170434782608696,0.7873913043478259,0.7472173913043478,0.8014782608695652,5.10408695652174,8.521739130434783,0.7444347826086957,,72.0,43.0,115.0,108.0,84.0,192.0,262.0,194.0,456.0,2993440.6926406925,133519.4805194805,,233,233,103,103,0.0,1.0,10,6,Técnico en Química (Análisis e Industrial),1122848.162347826,3.4176521739130434,7772910.277733861,0.6
Técnico en Radiología y Radioterapia,Salud,Centros de Formación Técnica / Institutos Profesionales,2,732333.1448730966,819340.6678172589,866705.9348730964,881970.5743147209,931467.8657360406,561866.7437055837,614351.3479695432,665015.3254822335,773373.2383756345,842984.9264467006,644470.3941624366,728250.727106599,881510.3794923859,1071355.7216751268,1263518.884314721,0.47238578680203047,0.8052791878172588,0.7541116751269036,0.72005076142132,0.5506091370558376,0.6929441624365482,0.7618274111675126,0.8176142131979696,0.7770558375634519,0.7588324873096447,0.6817766497461929,0.7811675126903552,5.0,5.237208121827411,0.7499492385786802,,128.0,69.0,197.0,171.0,82.0,253.0,437.0,198.0,635.0,2778721.520865533,224225.656877898,,253,253,266,266,0.0,1.0,10,4,Técnico en Radiología y Radioterapia,881970.5743147209,0.23720812182741113,7171029.4590417305,0.7
Técnico en Refrigeración y Climatización,Tecnología,Centros de Formación Técnica,1,1051434.61,1056250.93,1137021.66,1196739.85,1239814.04,655125.55,749487.74,958409.56,1286547.88,1637671.93,628621.31,772890.54,1025732.28,1363327.0,2175439.19,0.56,0.84,0.75,0.57,0.82,0.72,0.7699999999999999,0.82,0.88,0.78,0.7300000000000001,0.84,4.22,7.04,0.67,,6.0,88.0,94.0,8.0,279.0,287.0,19.0,469.0,488.0,2415239.2376237623,36438.11881188119,,814,814,124,124,0.0,1.0,33,5,Técnico en Refrigeración y Climatización,1196739.85,2.8200000000000003,5132592.91019802,0.4
Técnico en Servicio Social,Ciencias Sociales,Centros de Formación Técnica / Institutos Profesionales,2,866591.2916277448,868481.2205611712,885069.202879052,911105.723628442,939626.5973335657,555131.2439212269,638459.0659532938,792801.3827570583,1031202.5973196236,1393838.2231718367,585058.6972952248,683229.2251411641,865922.0970303242,1146048.9602230743,1448781.1984593936,0.4683025444405716,0.47368072499128616,0.4753781805507145,0.5266050888811432,0.49952945277100036,0.5346218194492856,0.5524538166608574,0.5512269083304288,0.5241512722202858,0.5536807249912861,0.49952945277100036,0.5453781805507145,4.858487277797142,5.936890902753572,0.6870756361101429,,2494.0,375.0,2869.0,2825.0,474.0,3299.0,7424.0,1200.0,8624.0,2120594.14757889,347384.9972796518,,4764,1713,2807,1579,0.4655875952121872,1.0,121,18,Técnico en Servicio Social,911105.723628442,1.0784036249564304,5498824.840971207,0.5
Técnico en Sonido,Tecnología,Institutos Profesionales,1,749251.53,822594.2,818828.38,877300.35,881653.07,538549.54,599509.46,687754.66,800988.76,942710.9,582158.5,684996.47,837429.55,1024535.29,1218716.75,0.2,0.32,0.31,0.35,0.32,0.32,0.39,0.53,0.46,0.43,0.33,0.46,5.0,6.52,0.71,,30.0,227.0,257.0,29.0,310.0,339.0,77.0,900.0,977.0,2796257.2944297083,46238.72679045093,,270,270,268,268,0.0,1.0,14,4,Técnico en Sonido,877300.35,1.5199999999999996,7036881.962864721,0.7
Técnico en Telecomunicaciones,Tecnología,Centros de Formación Técnica / Institutos Profesionales,2,1085022.7071428571,1072141.4126267282,1117812.2794930877,1181956.6431336405,1285820.7928571426,639855.8234101383,746327.9739170508,998435.8325345622,1356113.1046082948,2255872.046267281,681733.7432718894,848483.4049769585,1129879.5549769585,1554654.8292626727,2134931.7210138245,0.6691244239631335,0.7272350230414747,0.7427188940092166,0.7336405529953917,0.7427188940092166,0.704516129032258,0.7717972350230415,0.834516129032258,0.7863594470046084,0.8009216589861752,0.7400000000000001,0.8063594470046084,4.364055299539171,7.466129032258065,0.7036405529953917,,34.0,400.0,434.0,59.0,398.0,457.0,107.0,1087.0,1194.0,2805584.206451613,96950.5376344086,,755,515,231,120,0.42365591397849467,1.0,28,7,Técnico en Telecomunicaciones,1181956.6431336405,3.1020737327188943,6218812.84986869,0.4
Técnico en Topografía,Tecnología,Centros de Formación Técnica / Institutos Profesionales,2,1124208.1337614679,1185890.3800000001,1307309.349266055,1347321.3886238532,1434677.9313761466,613025.5388990827,742528.6406422018,1013605.1123853211,1379638.0720183486,1966398.6512844039,668856.1343119266,890247.9111009174,1275646.8457798166,1804669.1754128442,2287321.6318348623,0.6057798165137614,0.7193577981651378,0.7229357798165138,0.6500917431192661,0.701559633027523,0.69,0.7850458715596331,0.7514678899082569,0.7278899082568807,0.7093577981651377,0.6936697247706423,0.725045871559633,4.645321100917431,6.665229357798165,0.6992660550458716,,106.0,439.0,545.0,112.0,542.0,654.0,289.0,1410.0,1699.0,2395602.284843869,232496.1157654227,,899,899,532,532,0.0,1.0,58,9,Técnico en Topografía,1347321.3886238532,2.0199082568807345,5796667.03736104,0.4
Técnico en Traducción e Interpretariado,Humanidades,Institutos Profesionales,1,821239.99,969191.69,1091939.58,1222878.14,1205313.24,580909.02,634373.79,783063.55,965601.5,1228560.16,591691.48,633809.01,806984.18,1005516.46,1112159.99,0.22,0.44,0.49,0.27,0.28,0.49,0.43,0.58,0.62,0.45,0.35,0.54,5.7,7.45,0.6,,42.0,26.0,68.0,107.0,50.0,157.0,237.0,134.0,371.0,1700000.0,0.0,,146,30,136,29,0.781021897810219,1.0,2,1,Técnico en Traducción e Interpretariado,1222878.14,1.75,4845000.0,0.3
Técnico en Turismo y Hotelería,Administración y Comercio,Centros de Formación Técnica / Institutos Profesionales,2,762243.9862602367,790775.8721019109,822130.5833939946,848837.5581528662,892973.90366697,539498.4535304822,596438.0174886261,711209.8765241129,887679.9610009098,1121240.6112374887,565145.0313375797,647054.8605277525,829578.0371246587,1043444.1787170155,1331112.961601456,0.2193084622383986,0.3018380345768881,0.4636760691537762,0.3943676069153776,0.41,0.28114649681528664,0.3911464968152866,0.504940855323021,0.48494085532302095,0.4831028207461329,0.42747042766151044,0.4905732484076433,4.621483166515014,6.90059144676979,0.7331028207461329,,727.0,372.0,1099.0,1108.0,553.0,1661.0,2351.0,1299.0,3650.0,2507319.188172043,125551.52688172043,,2094,1694,865,697,0.15645161290322585,1.0,78,19,Técnico en Turismo y Hotelería,848837.5581528662,2.2791082802547766,5919318.237490314,0.6
