ID,Área,Tipo de institución,Área Carrera Genérica,1er año,2° año,3er año,4° año,5° año,10% inferior 1er año,25% inferior 1er año,Percentil 50 1er año,25% superior 1er año,10% superior 1er año,10% inferior 5° año,25% inferior 5° año,Percentil 50 5° año,25% superior 5° año,10% superior 5° año,Ingresos al 4° año 2020,Ingresos al 4° año 2021,Ingresos al 4° año 2022,Ingresos al 4° año 2023,Ingresos al 4° año 2024,Empleabilidad 1er año,Empleabilidad 2° año,Empleabilidad 1er año - 2020,Empleabilidad 1er año - 2021,Empleabilidad 1er año - 2022,Empleabilidad 1er año - 2023,Empleabilidad 1er año - 2024,Empleabilidad 2° año - 2020,Empleabilidad 2° año - 2021,Empleabilidad 2° año - 2022,Empleabilidad 2° año - 2023,Empleabilidad 2° año - 2024,Titulados Mujeres,Titulados Hombres,Titulados Total,Duración Formal,Duración Real,Matrícula 1er año Mujeres,Matrícula 1er año Hombres,Total Matrícula 1er año,Matrícula Total Mujeres,Matrícula Total Hombres,Matrícula Total,Retención 1er año,Retención 2° año,Municipal y Servicios Locales,Particular Subvencionado,Particular Pagado,Administración Delegada
1,Administración y Comercio,Centros de Formación Técnica,Secretariado Bilingüe,1031117.63,1096161.37,1113420.14,1136314.13,1166457.52,662930.26,761868.78,1017025.23,1458945.52,1890400.34,642466.95,822711.63,1000901.53,1522461.66,1979601.21,1072577.53,1114985.77,1052700.35,1185675.4,1223329.63,0.75,0.74,0.7,0.72,0.78,0.84,0.59,0.75,0.75,0.81,0.67,0.68,35.0,2.0,37.0,6.0,7.24,123.0,15.0,138.0,271.0,27.0,298.0,0.64,,0.21,0.63,0.13,0.03
2,Agropecuaria,Centros de Formación Técnica,Técnico Agropecuario,847957.33,884213.36,935086.08,997009.4,1031960.97,551775.46,636629.66,755239.07,958328.5,1345623.3,578708.82,700736.01,907310.65,1208672.97,1630050.08,949433.73,933116.47,981848.74,971451.7,1054268.02,0.48,0.55,0.41,0.5,0.49,0.44,0.51,0.53,0.56,0.6,0.53,0.54,515.0,579.0,1094.0,4.64,6.66,683.0,745.0,1428.0,1426.0,1639.0,3065.0,0.66,,0.49,0.42,0.02,0.07
3,Educación,Centros de Formación Técnica,Técnico Asistente del Educador de Párvulos,644643.56,669809.43,677571.67,688296.48,711830.2,524986.29,554593.76,618217.56,724572.33,846620.8,536429.87,585010.34,686243.21,798551.79,929580.46,699655.93,694307.47,674155.4,684155.83,712168.4,0.35,0.45,0.33,0.31,0.39,0.34,0.3,0.46,0.41,0.45,0.46,0.44,2495.0,6.0,2501.0,4.96,6.1,3967.0,18.0,3985.0,10206.0,30.0,10236.0,0.73,,0.52,0.44,0.01,0.04
4,Educación,Centros de Formación Técnica,Técnico Asistente del Educador Diferencial,620472.53,646878.66,655863.61,655973.66,708505.67,524841.05,558424.86,612890.6,715889.15,841847.54,535403.18,569860.32,647272.48,770455.69,955081.13,698601.51,678992.64,641607.08,649439.63,686904.64,0.32,0.44,0.28,0.23,0.33,0.35,0.29,0.5,0.37,0.39,0.45,0.47,1065.0,40.0,1105.0,5.02,6.36,1654.0,61.0,1715.0,4414.0,156.0,4570.0,0.74,,0.53,0.44,0.01,0.03
5,Salud,Centros de Formación Técnica,Técnico Dental y Asistente de Odontología,657951.29,694369.97,725072.84,764439.79,801109.65,533958.09,569096.89,625593.28,712310.5,817939.48,546146.62,632402.34,740414.74,857914.48,1027053.75,768186.18,784931.25,770936.68,747837.99,781638.75,0.54,0.59,0.29,0.56,0.61,0.53,0.45,0.4,0.59,0.61,0.59,0.59,735.0,90.0,825.0,4.98,6.13,914.0,179.0,1093.0,2478.0,392.0,2870.0,0.72,,0.47,0.49,0.01,0.04
6,Agropecuaria,Centros de Formación Técnica,Técnico en Acuicultura y Pesca,1303716.18,1361159.54,1485977.24,1431508.93,1528200.38,693679.73,856531.73,1221749.43,1599006.18,2076737.26,781243.68,975925.82,1399105.39,1755713.42,1940236.43,,,,,,0.85,0.87,,,,,,,,,,,26.0,41.0,67.0,5.0,6.61,67.0,99.0,166.0,163.0,191.0,354.0,0.84,,0.49,0.51,0.0,0.0
7,Administración y Comercio,Centros de Formación Técnica,Técnico en Administración de Empresas,971478.24,1037094.02,1094558.68,1191714.25,1266310.64,566006.52,670650.93,851123.71,1125682.98,1478676.48,627221.15,793213.79,1062349.66,1479038.79,2062575.55,1300312.33,1235201.76,1199351.8,1178421.93,1199365.78,0.62,0.68,0.59,0.65,0.63,0.62,0.6,0.66,0.69,0.73,0.66,0.67,2229.0,1172.0,3401.0,4.48,6.32,3808.0,2260.0,6068.0,7873.0,4444.0,12317.0,0.67,,0.46,0.48,0.03,0.03
8,Administración y Comercio,Centros de Formación Técnica,Técnico en Administración de Recursos Humanos y Personal,974163.3,1011203.84,1008672.51,1075790.46,1161148.83,604153.66,712399.65,895150.71,1182177.52,1587418.23,607446.14,777991.82,957174.73,1297151.6,1728551.56,1053646.6,1132616.48,1064266.9,1037239.52,1136248.8,0.69,0.72,0.62,0.67,0.7,0.69,0.69,0.64,0.69,0.76,0.72,0.7,314.0,49.0,363.0,5.0,5.93,413.0,106.0,519.0,1010.0,218.0,1228.0,0.69,,0.45,0.47,0.02,0.06
9,Administración y Comercio,Centros de Formación Técnica,Técnico en Administración Financiera y Finanzas,1295938.99,1345145.13,1252038.11,1233961.64,1327012.24,642925.53,994739.98,1219215.54,1397131.62,2247518.37,591189.12,805636.12,1048509.42,1314782.5,1752210.38,,,,,,0.81,0.8,,,,,,,,,,,43.0,43.0,86.0,4.58,5.96,0.0,0.0,0.0,4.0,4.0,8.0,0.56,,0.33,0.5,0.17,0.0
10,Ciencias Sociales,Centros de Formación Técnica,Técnico en Administración Pública o Municipal,1061381.01,1127266.98,1207581.53,1298736.68,1366383.02,604050.8,685074.54,906042.35,1198803.01,1607091.17,718208.48,916595.08,1171553.76,1672919.48,2056502.53,1175162.09,1324227.25,1375288.76,1311427.46,1234719.73,0.74,0.78,0.79,0.79,0.68,0.76,0.77,0.89,0.84,0.81,0.71,0.81,343.0,109.0,452.0,5.01,5.64,935.0,307.0,1242.0,1864.0,683.0,2547.0,0.64,,0.51,0.45,0.01,0.03
11,Administración y Comercio,Centros de Formación Técnica,Técnico en Comercio Exterior,1024401.75,1092164.68,1122973.96,1176620.47,1274966.7,648584.37,760116.69,966256.04,1282533.78,1736029.4,711503.78,875283.17,1121892.76,1459894.05,1987481.09,1231965.98,1214130.69,1184596.4,1153802.59,1188366.61,0.75,0.76,0.66,0.68,0.78,0.74,0.73,0.71,0.77,0.79,0.75,0.76,190.0,144.0,334.0,4.5,6.85,412.0,271.0,683.0,743.0,514.0,1257.0,0.67,,0.32,0.56,0.07,0.05
12,Tecnología,Centros de Formación Técnica,Técnico en Computación e Informática,1070899.07,1223995.1,1400911.44,1560873.68,1676016.46,588570.52,685054.49,884536.18,1166296.08,1773433.55,684418.77,957156.31,1446514.54,2176641.45,3080814.16,1583101.95,1471265.95,1515520.38,1600203.7,1561287.72,0.67,0.77,0.65,0.66,0.72,0.66,0.63,0.73,0.75,0.82,0.77,0.74,175.0,1101.0,1276.0,4.48,7.1,501.0,2370.0,2871.0,944.0,4970.0,5914.0,0.69,,0.41,0.51,0.04,0.04
13,Tecnología,Centros de Formación Técnica,Técnico en Construcción y Obras Civiles,1141725.66,1157124.74,1196222.4,1237889.88,1348676.49,594278.34,717641.95,988839.46,1414857.51,2036718.64,612191.66,800160.27,1100178.31,1556050.1,2168328.03,1198697.19,1232340.59,1235260.26,1220721.43,1265686.09,0.64,0.67,0.54,0.66,0.66,0.62,0.65,0.61,0.66,0.73,0.64,0.65,276.0,1038.0,1314.0,4.49,6.75,373.0,1660.0,2033.0,702.0,3445.0,4147.0,0.61,,0.48,0.46,0.01,0.06
14,Administración y Comercio,Centros de Formación Técnica,Técnico en Contabilidad General,969100.76,1039727.28,1113651.28,1232362.59,1310021.81,583911.11,670865.8,828681.53,1127728.8,1518728.42,651167.8,804817.74,1118238.99,1549527.73,2195138.24,1215815.06,1225134.18,1262826.87,1211472.42,1214452.11,0.68,0.73,0.6,0.69,0.71,0.67,0.66,0.72,0.7,0.76,0.73,0.71,543.0,266.0,809.0,4.56,6.3,593.0,342.0,935.0,1434.0,775.0,2209.0,0.73,,0.45,0.49,0.02,0.05
15,Educación,Centros de Formación Técnica,"Técnico en Deporte, Recreación y Preparación Física",800713.44,827048.09,891696.03,857457.63,934992.53,542542.67,602862.17,749367.38,946097.89,1296918.27,544796.9,643100.48,841468.53,1043953.45,1361864.33,865938.74,919185.06,847287.28,844408.73,930385.44,0.38,0.44,0.23,0.3,0.36,0.38,0.39,0.31,0.4,0.46,0.44,0.43,244.0,684.0,928.0,4.97,6.54,500.0,1641.0,2141.0,1240.0,3771.0,5011.0,0.74,,0.4,0.52,0.04,0.04
16,Tecnología,Centros de Formación Técnica,Técnico en Electricidad y Electricidad Industrial,1300868.88,1358029.39,1401813.99,1424112.12,1483159.69,635560.52,797696.31,1069166.72,1504235.0,2279857.46,737404.73,930276.58,1274233.31,1810422.55,2596820.26,1229647.78,1351910.94,1375227.19,1434720.21,1482024.26,0.78,0.81,0.67,0.76,0.79,0.77,0.79,0.73,0.79,0.81,0.81,0.8,59.0,1322.0,1381.0,4.91,6.68,271.0,3080.0,3351.0,453.0,6262.0,6715.0,0.68,,0.49,0.43,0.01,0.07
17,Tecnología,Centros de Formación Técnica,Técnico en Electrónica y Electrónica Industrial,954301.4,1060744.72,1084977.4,1212597.54,1254983.71,575339.24,644005.14,761638.13,1057111.42,1707914.36,666781.45,895312.3,1176491.87,1775000.22,2092703.27,1093497.7,1088644.77,1218385.82,1185021.29,1243955.68,0.72,0.77,0.62,0.72,0.75,0.7,0.69,0.68,0.75,0.83,0.75,0.76,2.0,69.0,71.0,4.0,6.72,5.0,90.0,95.0,9.0,153.0,162.0,0.68,,0.3,0.56,0.05,0.09
18,Salud,Centros de Formación Técnica,Técnico en Enfermería,771932.93,830292.12,868775.03,900952.89,930596.31,546853.19,609817.96,715851.88,854925.4,1016498.13,624006.48,744361.76,886788.16,1041228.56,1239402.13,894117.36,938524.44,898846.75,886796.64,925837.87,0.62,0.71,0.67,0.77,0.72,0.6,0.54,0.73,0.82,0.76,0.71,0.66,4204.0,726.0,4930.0,5.03,6.06,7749.0,1250.0,9000.0,19275.0,3313.0,22589.0,0.75,,0.48,0.48,0.01,0.04
19,Salud,Centros de Formación Técnica,Técnico en Farmacia,917186.49,959264.32,975909.94,1031249.2,1043843.74,623385.87,720177.9,889935.14,1109348.59,1319580.55,689246.18,777673.91,897368.76,1106446.37,1284613.1,1003204.02,1060800.81,1050737.49,951630.94,1051364.55,0.79,0.8,0.78,0.8,0.74,0.8,0.82,0.83,0.9,0.87,0.77,0.81,569.0,134.0,703.0,4.95,6.02,1091.0,278.0,1369.0,2621.0,629.0,3250.0,0.68,,0.43,0.52,0.01,0.04
20,Administración y Comercio,Centros de Formación Técnica,Técnico en Gastronomía y Cocina,736380.52,777620.58,792176.77,827987.39,861332.0,537586.5,586530.28,675522.35,815010.97,987776.1,550266.28,625747.58,766531.26,954277.48,1283830.64,770320.17,813714.13,818539.08,833945.27,836126.62,0.42,0.49,0.2,0.37,0.45,0.43,0.39,0.27,0.38,0.5,0.5,0.47,1674.0,1169.0,2843.0,4.27,6.49,2818.0,2081.0,4899.0,5662.0,4419.0,10081.0,0.77,,0.41,0.51,0.04,0.04
21,Ciencias Básicas,Centros de Formación Técnica,Técnico en Geominería,1150746.53,1178896.06,1360337.46,1271889.24,1374154.52,663420.13,727009.56,999083.15,1282036.62,3075950.97,749818.79,837901.62,1137214.7,1581849.9,2086257.58,,,,,,0.71,0.73,,,,,,,,,,,6.0,15.0,21.0,,,27.0,40.0,67.0,55.0,85.0,140.0,0.74,,0.44,0.49,0.06,0.01
22,Tecnología,Centros de Formación Técnica,"Técnico en Instrumentación, Automatización y Control Industrial",1283347.09,1445243.06,1521182.24,1589994.35,1724277.62,637833.66,802282.4,1087810.06,1478249.03,2122018.74,809539.13,1061413.26,1463896.9,1982531.74,2868622.1,1506205.38,1569642.43,1530422.86,1560103.3,1705845.46,0.8,0.84,0.71,0.78,0.82,0.78,0.79,0.78,0.85,0.87,0.84,0.83,55.0,696.0,751.0,4.22,7.25,132.0,826.0,958.0,236.0,1662.0,1898.0,0.66,,0.4,0.51,0.02,0.07
23,Salud,Centros de Formación Técnica,Técnico en Laboratorio Clínico,717824.14,763082.36,807895.3,848896.73,883270.02,544389.85,598669.07,663796.81,790111.83,880209.62,609751.14,724011.33,837205.98,988777.85,1182225.44,857095.74,867670.47,859253.79,829694.74,858733.87,0.61,0.71,0.55,0.73,0.69,0.62,0.53,0.64,0.81,0.79,0.66,0.72,319.0,68.0,387.0,5.0,6.04,330.0,86.0,416.0,1099.0,272.0,1371.0,0.79,,0.42,0.55,0.01,0.02
24,Administración y Comercio,Centros de Formación Técnica,Técnico en Logística,1086248.56,1168231.32,1244568.25,1342104.53,1444885.92,592497.32,723407.3,920302.66,1245642.66,1665354.78,688631.73,898520.11,1237673.29,1765322.0,2526575.89,1323193.7,1402732.41,1380481.82,1357925.5,1289232.23,0.74,0.78,0.65,0.77,0.76,0.73,0.74,0.75,0.76,0.8,0.78,0.77,473.0,626.0,1099.0,4.56,5.81,1245.0,1319.0,2564.0,2485.0,2647.0,5132.0,0.68,,0.47,0.47,0.01,0.05
25,Tecnología,Centros de Formación Técnica,Técnico en Mantenimiento Industrial,1293137.12,1369759.52,1415586.97,1475777.8,1543824.66,647730.61,808837.82,1093048.14,1505784.09,2214999.05,729498.48,949243.46,1331286.48,1755292.82,2490644.18,1492918.9,1406676.55,1490255.35,1390964.22,1598152.62,0.81,0.84,0.67,0.78,0.85,0.78,0.79,0.76,0.81,0.87,0.86,0.82,102.0,1122.0,1224.0,4.34,6.72,357.0,1939.0,2296.0,652.0,3842.0,4494.0,0.71,,0.52,0.39,0.01,0.08
26,Tecnología,Centros de Formación Técnica,Técnico en Mecánica Automotriz,1138605.95,1181260.94,1235132.75,1293449.33,1388590.51,583270.46,732385.09,1015229.37,1414206.62,1930918.67,643228.84,848509.95,1174128.93,1624732.0,2216444.93,1171991.54,1268273.24,1308038.08,1263478.43,1319516.57,0.72,0.75,0.53,0.66,0.74,0.69,0.73,0.64,0.69,0.76,0.75,0.75,104.0,1949.0,2053.0,4.07,6.91,293.0,3635.0,3928.0,524.0,6809.0,7333.0,0.69,,0.44,0.48,0.02,0.06
27,Tecnología,Centros de Formación Técnica,Técnico en Mecánica Industrial,1593345.88,1660212.47,1625273.69,1593798.0,1667794.41,633133.37,930638.09,1397111.27,2069171.5,3032876.72,696787.06,981326.01,1401514.17,1930283.92,2520974.02,1522090.31,1587555.56,1568267.84,1540162.52,1783260.73,0.88,0.87,0.68,0.9,0.92,0.87,0.84,0.79,0.85,0.86,0.89,0.85,12.0,209.0,221.0,4.98,6.45,34.0,458.0,492.0,81.0,993.0,1074.0,0.6,,0.53,0.45,0.01,0.01
28,Tecnología,Centros de Formación Técnica,Técnico en Metalurgia,1937004.29,2401453.74,2361626.33,2602564.79,2367300.75,703808.17,893223.77,1204100.86,2290875.18,3614338.57,948140.72,1164995.97,1615867.45,2563397.15,4683389.06,,,,,,0.87,0.89,0.73,0.92,0.86,0.88,0.87,0.82,0.74,0.92,0.9,0.85,44.0,48.0,92.0,4.0,7.33,64.0,53.0,117.0,107.0,95.0,202.0,0.45,,0.71,0.23,0.04,0.02
29,Tecnología,Centros de Formación Técnica,Técnico en Minería,1591180.5,1759119.47,1815577.51,1868825.69,2038466.39,643034.63,873618.95,1276351.22,2206100.48,3384227.94,730698.98,1044909.89,1510226.52,2619479.54,4413660.72,1491970.71,1883213.98,1794152.55,1783964.91,2175082.49,0.81,0.83,0.66,0.72,0.8,0.85,0.78,0.72,0.78,0.85,0.83,0.83,100.0,232.0,332.0,4.42,7.06,383.0,599.0,982.0,745.0,1123.0,1868.0,0.64,,0.56,0.39,0.02,0.04
30,Salud,Centros de Formación Técnica,Técnico en Podología,901723.8,913560.99,944935.26,894943.33,921756.78,538824.19,678739.17,832565.81,1087842.68,1481045.57,573631.31,685131.68,833471.01,1047885.52,1646585.01,877790.28,923776.42,836054.52,961173.9,906247.7,0.42,0.51,0.4,0.45,0.47,0.42,0.4,0.42,0.46,0.49,0.57,0.48,449.0,23.0,472.0,5.0,6.12,666.0,42.0,708.0,1715.0,112.0,1827.0,0.83,,0.43,0.52,0.0,0.04
31,Tecnología,Centros de Formación Técnica,Técnico en Prevención de Riesgos,1223005.52,1121425.33,1132346.71,1154534.5,1204052.33,665277.66,865267.66,1174649.2,1685083.63,2205036.86,636920.56,792590.65,1057908.59,1483415.1,2085532.09,1039088.27,1077122.91,1140063.38,1154223.3,1219124.85,0.71,0.68,0.47,0.57,0.62,0.66,0.78,0.54,0.67,0.69,0.66,0.71,74.0,86.0,160.0,4.52,8.39,684.0,442.0,1126.0,1128.0,786.0,1914.0,0.57,,0.51,0.45,0.01,0.03
32,Arte y Arquitectura,Centros de Formación Técnica,Técnico en Producción Gráfica y Multimedia,805809.35,853246.65,860556.88,874814.14,835477.3,560160.51,606452.07,741600.16,946311.79,1113342.91,550217.67,618524.26,722821.29,949079.85,1166567.3,857807.58,830676.74,951673.47,814624.76,860279.16,0.38,0.42,0.21,0.23,0.38,0.3,0.43,0.36,0.36,0.36,0.47,0.41,113.0,103.0,216.0,4.0,7.3,0.0,0.0,0.0,7.0,8.0,15.0,,,0.4,0.6,0.0,0.0
33,Ciencias Básicas,Centros de Formación Técnica,Técnico en Química (Análisis e Industrial),907317.95,1013821.07,1038414.5,1118995.94,1202042.64,611810.89,700544.97,792424.65,988751.71,1529946.58,679014.53,842232.52,1031801.69,1303872.39,1536969.63,1124151.25,1181265.68,1117353.34,1116317.87,1125553.04,0.76,0.81,0.63,0.78,0.76,0.78,0.72,0.69,0.7,0.81,0.8,0.83,43.0,23.0,66.0,5.07,8.82,70.0,37.0,107.0,170.0,98.0,268.0,0.77,,0.31,0.5,0.03,0.17
34,Salud,Centros de Formación Técnica,Técnico en Radiología y Radioterapia,762119.85,831151.9,843270.93,873354.43,906970.16,600193.63,688354.32,748349.05,865996.22,968898.02,639148.19,733888.68,918256.61,1050233.07,1215148.74,842721.14,898953.2,811878.27,887958.48,895352.04,0.71,0.76,0.55,0.77,0.74,0.84,0.6,0.7,0.91,0.74,0.77,0.78,43.0,15.0,58.0,5.0,5.59,50.0,26.0,76.0,155.0,63.0,218.0,0.63,,0.36,0.57,0.01,0.06
35,Tecnología,Centros de Formación Técnica,Técnico en Refrigeración y Climatización,1051434.61,1056250.93,1137021.66,1196739.85,1239814.04,655125.55,749487.74,958409.56,1286547.88,1637671.93,628621.31,772890.54,1025732.28,1363327.0,2175439.19,1120706.89,1216314.88,1214906.97,1054631.48,1406269.26,0.73,0.84,0.56,0.84,0.75,0.57,0.82,0.72,0.77,0.82,0.88,0.78,6.0,88.0,94.0,4.22,7.04,8.0,279.0,287.0,19.0,469.0,488.0,0.67,,0.38,0.52,0.01,0.09
36,Ciencias Sociales,Centros de Formación Técnica,Técnico en Servicio Social,816250.32,817256.41,808572.64,858348.21,899060.15,540387.09,603091.98,728287.07,925571.19,1260391.62,578297.46,651603.87,806274.52,1102175.12,1400988.22,809038.57,836935.97,864520.52,858596.84,853556.76,0.45,0.51,0.44,0.41,0.44,0.47,0.45,0.57,0.51,0.53,0.51,0.49,735.0,104.0,839.0,5.0,5.76,1196.0,201.0,1397.0,3067.0,479.0,3546.0,0.68,,0.51,0.46,0.01,0.03
37,Tecnología,Centros de Formación Técnica,Técnico en Telecomunicaciones,1109263.18,1118686.72,1167786.54,1267322.11,1335674.42,637478.12,743425.27,1044338.95,1451932.94,2217204.0,713352.23,888257.95,1166539.13,1605826.93,2306597.84,1141901.96,1223214.94,1203341.37,1244947.88,1418731.08,0.74,0.81,0.64,0.76,0.75,0.73,0.75,0.73,0.79,0.86,0.79,0.79,24.0,252.0,276.0,4.0,7.67,41.0,198.0,239.0,63.0,438.0,501.0,0.7,,0.34,0.55,0.04,0.07
38,Tecnología,Centros de Formación Técnica,Técnico en Topografía,1100914.5,1126007.05,1257151.07,1317909.12,1417889.63,625224.56,760646.91,1031874.14,1389211.08,2054468.14,658183.38,895320.04,1277952.1,1797269.87,2268013.68,1206458.89,1383044.16,1344969.61,1345286.18,1223984.18,0.64,0.7,0.57,0.68,0.68,0.6,0.63,0.69,0.76,0.73,0.71,0.67,78.0,272.0,350.0,4.47,6.93,72.0,253.0,325.0,172.0,624.0,796.0,0.71,,0.46,0.49,0.02,0.03
39,Administración y Comercio,Centros de Formación Técnica,Técnico en Turismo y Hotelería,740145.9,769889.36,792098.25,811174.19,874596.87,537911.37,588297.58,700121.3,854998.46,1075733.65,551173.76,625350.68,786543.6,983712.59,1276618.4,903535.39,849542.62,791160.17,800695.26,851761.94,0.41,0.46,0.18,0.28,0.42,0.39,0.41,0.22,0.33,0.47,0.45,0.47,415.0,204.0,619.0,4.39,7.25,752.0,362.0,1114.0,1433.0,733.0,2166.0,0.72,,0.42,0.52,0.03,0.03
40,Derecho,Centros de Formación Técnica,Técnico Jurídico,844351.3,891181.89,911715.35,939242.97,1002807.08,546350.89,647657.29,795860.88,972799.5,1222337.77,581588.97,712452.4,955617.59,1203767.75,1475472.36,1021712.53,1012545.4,915119.53,963760.99,945112.51,0.5,0.59,0.37,0.58,0.51,0.5,0.5,0.61,0.57,0.63,0.57,0.59,202.0,59.0,261.0,5.0,6.33,297.0,74.0,371.0,773.0,222.0,995.0,0.69,,0.4,0.56,0.01,0.03
41,Salud,Centros de Formación Técnica,Técnico Laboratorista Dental,703439.61,771559.7,782356.87,800264.16,859586.91,542142.96,551182.55,654263.46,795830.11,962878.89,536937.59,631006.97,757906.33,957999.04,1223139.48,,,,,,0.45,0.54,0.17,0.52,0.54,0.53,0.3,0.2,0.49,0.52,0.53,0.56,113.0,38.0,151.0,5.0,6.18,214.0,46.0,260.0,534.0,131.0,665.0,0.81,,0.42,0.54,0.01,0.03
42,Agropecuaria,Centros de Formación Técnica,Técnico Veterinario,710402.4,743008.82,796762.79,814304.68,839575.52,539581.95,582714.22,676609.57,793325.62,994324.84,537058.04,597888.3,771503.35,900722.51,1165615.78,878304.88,838614.94,818054.26,822541.72,791405.12,0.43,0.51,0.39,0.39,0.49,0.44,0.38,0.5,0.61,0.54,0.52,0.49,512.0,127.0,639.0,5.0,6.42,1053.0,284.0,1337.0,2598.0,697.0,3295.0,0.79,,0.42,0.51,0.01,0.06
43,Arte y Arquitectura,Institutos Profesionales,Actuación y Teatro,657984.35,756370.39,727385.18,849781.59,868899.92,525282.13,589286.87,619585.67,773059.43,857990.36,601075.26,746143.42,914794.63,1094691.74,1293080.0,,,,,,0.21,0.29,,,,,,,,,,,37.0,29.0,66.0,8.0,9.51,67.0,25.0,92.0,290.0,155.0,445.0,0.73,0.64,0.25,0.6,0.12,0.03
44,Administración y Comercio,Institutos Profesionales,Administración de Empresas e Ing. Asociadas,1328109.43,1407779.19,1480551.81,1547073.65,1602418.72,642370.25,822466.48,1127918.96,1633879.29,2320862.85,736592.08,979947.65,1377976.51,1946927.95,2626144.42,1490117.3,1585065.74,1538763.4,1526866.9,1575611.87,0.81,0.84,0.78,0.81,0.82,0.81,0.8,0.81,0.84,0.86,0.84,0.83,3073.0,1467.0,4540.0,8.06,10.19,4262.0,2552.0,6814.0,16933.0,9739.0,26672.0,0.71,0.56,0.42,0.5,0.03,0.05
45,Administración y Comercio,Institutos Profesionales,Administración Gastronómica,732455.71,768802.32,854799.87,941593.06,954519.32,541527.02,590569.48,681815.69,819401.63,1025328.39,563981.02,647793.39,806389.43,1140025.35,1542821.45,931445.81,867420.79,900148.26,963505.91,968037.1,0.5,0.56,0.2,0.47,0.51,0.5,0.48,0.31,0.48,0.6,0.53,0.57,609.0,464.0,1073.0,8.0,10.42,978.0,775.0,1753.0,4425.0,3715.0,8140.0,0.85,0.73,0.32,0.56,0.07,0.05
46,Ciencias Sociales,Institutos Profesionales,Administración Pública,1856173.38,1956289.86,2041868.67,2136592.52,2170176.14,1021348.88,1298770.32,1695833.2,2154539.29,2660995.03,1295023.05,1726353.47,2053074.4,2473737.45,2853524.7,2190405.97,2210602.7,2117528.46,2107958.11,2166083.1,0.98,0.99,0.99,0.99,0.99,0.97,0.98,0.99,0.99,0.99,0.99,0.98,531.0,292.0,823.0,8.05,9.12,1122.0,715.0,1837.0,3902.0,2516.0,6418.0,0.75,0.62,0.43,0.5,0.02,0.05
47,Administración y Comercio,Institutos Profesionales,Administración Turística y Hotelera,754158.78,827941.93,914383.6,988994.56,1046499.6,543904.02,598591.0,741498.84,903640.56,1067087.44,567950.46,676673.31,931999.75,1213005.42,1648119.68,938636.05,965101.71,934110.28,987242.38,1061425.3,0.48,0.57,0.18,0.31,0.5,0.47,0.48,0.33,0.43,0.57,0.57,0.56,673.0,263.0,936.0,8.0,10.06,753.0,312.0,1065.0,2701.0,1382.0,4083.0,0.82,0.72,0.29,0.61,0.06,0.04
48,Arte y Arquitectura,Institutos Profesionales,Animación Digital,852936.46,912238.09,981700.87,1017908.43,1099595.91,573400.85,657952.33,799039.06,892752.31,1207800.75,640352.73,709004.71,912775.85,1137899.22,1848049.13,,,,,,0.34,0.46,0.4,0.48,0.36,0.34,0.34,0.39,0.44,0.6,0.47,0.35,123.0,84.0,207.0,8.0,10.13,281.0,222.0,503.0,1003.0,943.0,1946.0,0.85,0.69,0.25,0.61,0.09,0.04
49,Arte y Arquitectura,Institutos Profesionales,Comunicación Audiovisual y/o Multimedia,795409.8,885977.58,996242.36,1052418.48,1107772.72,564884.98,654171.83,772728.68,956696.51,1206630.84,621312.71,754544.22,988306.53,1359550.42,1748469.26,1025615.64,989680.8,1055492.3,1055761.84,1043880.55,0.47,0.57,0.33,0.46,0.51,0.54,0.38,0.44,0.55,0.57,0.57,0.57,213.0,250.0,463.0,8.0,9.39,268.0,347.0,615.0,860.0,1506.0,2366.0,0.82,0.73,0.29,0.6,0.07,0.04
50,Tecnología,Institutos Profesionales,Construcción Civil,1249929.53,1371953.23,1466100.26,1576831.96,1657579.23,613105.38,755149.61,1023552.69,1408005.81,2014278.84,698391.98,1022160.84,1443468.23,2041406.45,2783483.95,1512512.03,1597824.6,1625672.6,1554558.51,1549485.99,0.74,0.78,0.7,0.77,0.76,0.74,0.71,0.77,0.8,0.81,0.77,0.76,327.0,1163.0,1490.0,8.01,11.44,397.0,1595.0,1992.0,1774.0,7364.0,9138.0,0.68,0.55,0.41,0.5,0.01,0.07
51,Administración y Comercio,Institutos Profesionales,Contador Auditor,1236725.04,1322219.7,1423625.43,1511980.79,1617556.43,634072.93,769965.77,999393.46,1414951.8,2046856.14,761612.94,1022771.29,1432589.56,1966288.34,2638966.1,1532369.37,1571739.85,1517422.45,1529978.09,1484242.25,0.84,0.86,0.8,0.81,0.84,0.86,0.82,0.82,0.86,0.87,0.86,0.86,1372.0,720.0,2092.0,8.21,10.07,1953.0,1192.0,3145.0,8041.0,4895.0,12936.0,0.75,0.63,0.35,0.56,0.02,0.08
52,Arte y Arquitectura,Institutos Profesionales,Diseño de Ambientes e Interiores,796957.72,835788.04,955140.78,974895.04,1104677.44,549213.04,605914.12,730246.21,869103.11,1062460.08,575993.6,705619.17,966879.89,1169643.16,1898691.59,987471.76,1136611.28,996011.1,979748.63,932913.27,0.45,0.52,0.32,0.33,0.49,0.34,0.49,0.51,0.46,0.56,0.57,0.44,128.0,15.0,143.0,8.0,9.74,274.0,50.0,324.0,817.0,129.0,946.0,0.84,0.76,0.21,0.63,0.12,0.04
53,Arte y Arquitectura,Institutos Profesionales,Diseño de Vestuario,814957.66,877750.02,964362.39,1005739.32,1088023.56,569959.79,621283.43,708901.36,900794.34,1133371.96,659942.41,743983.63,920683.25,1156408.53,1733643.48,950563.76,1147255.57,1049852.05,930591.76,1066098.81,0.37,0.48,0.23,0.29,0.42,0.32,0.38,0.4,0.47,0.53,0.51,0.44,193.0,25.0,218.0,7.99,10.17,294.0,105.0,399.0,1278.0,295.0,1573.0,0.76,0.67,0.27,0.58,0.11,0.04
54,Arte y Arquitectura,Institutos Profesionales,Diseño Gráfico,802958.63,860782.63,939420.93,1028445.53,1084982.21,532695.7,600396.61,722323.95,877468.03,1171239.37,566582.21,706987.06,897877.62,1227377.94,1716204.63,1058450.14,1022010.43,1021184.18,1073031.13,983923.57,0.43,0.54,0.41,0.47,0.48,0.45,0.37,0.49,0.6,0.6,0.51,0.53,505.0,352.0,857.0,8.0,10.17,934.0,607.0,1541.0,3781.0,2589.0,6370.0,0.79,0.67,0.31,0.59,0.05,0.05
55,Tecnología,Institutos Profesionales,Diseño Industrial,828271.05,905883.97,985749.88,1092148.69,1168453.41,550994.06,601155.62,751413.54,839199.66,991588.7,651792.28,781960.99,945842.05,1152527.36,1691241.74,1013131.51,1103049.35,1147517.11,1011469.65,1109885.99,0.5,0.62,0.34,0.46,0.57,0.48,0.43,0.5,0.66,0.59,0.66,0.6,54.0,55.0,109.0,8.0,9.48,107.0,69.0,176.0,376.0,334.0,710.0,0.85,0.73,0.25,0.56,0.15,0.04
56,Salud,Institutos Profesionales,Fonoaudiología,834537.66,906054.06,1041222.7,996600.39,1047770.87,541260.72,579621.85,712190.09,1028730.06,1355631.26,596541.13,759762.29,906512.97,1172215.56,1501553.81,,,,,,0.45,0.61,,,,,,,,,,,77.0,12.0,89.0,10.0,13.14,149.0,15.0,164.0,586.0,54.0,640.0,0.63,0.54,0.3,0.66,0.01,0.03
57,Agropecuaria,Institutos Profesionales,Ingeniería Agrícola,953106.42,1028594.17,1091446.62,1175683.83,1244042.03,565017.72,658281.67,830190.93,1092359.22,1528846.57,624185.56,802823.44,1038667.28,1469401.27,1955949.52,1199213.74,1172167.94,1203807.77,1149051.89,1173390.93,0.6,0.68,0.5,0.6,0.65,0.59,0.56,0.64,0.66,0.71,0.68,0.67,427.0,436.0,863.0,8.0,10.32,404.0,503.0,907.0,1874.0,2448.0,4322.0,0.81,0.72,0.36,0.52,0.03,0.09
58,Tecnología,Institutos Profesionales,"Ingeniería en Automatización, Instrumentación y Control",1932362.03,2256570.79,3045029.5,2951834.52,2563818.85,761582.52,1023143.3,1393726.12,2114279.78,4036760.08,1133006.96,1340879.15,2635085.81,4062915.78,4864249.82,,,,,,0.91,0.92,0.94,0.88,0.97,0.9,0.91,0.9,1.0,0.92,0.97,0.9,52.0,662.0,714.0,8.0,10.06,156.0,1282.0,1438.0,441.0,4707.0,5148.0,0.72,0.58,0.43,0.44,0.02,0.11
59,Administración y Comercio,Institutos Profesionales,Ingeniería en Comercio Exterior,1115461.78,1252683.7,1385444.45,1535665.95,1701101.55,640298.84,750392.75,913955.29,1210772.24,1611397.15,768229.2,975953.07,1382665.02,1962140.08,2633156.21,1578911.32,1436511.47,1633616.2,1527078.22,1453448.69,0.82,0.86,0.71,0.82,0.85,0.83,0.78,0.78,0.87,0.89,0.86,0.83,366.0,264.0,630.0,8.02,9.99,1140.0,626.0,1766.0,2915.0,1980.0,4895.0,0.81,0.67,0.28,0.59,0.05,0.07
60,Tecnología,Institutos Profesionales,Ingeniería en Computación e Informática,1440030.29,1636353.36,1812537.35,1993042.48,2122850.94,655882.69,822374.21,1148680.18,1705549.84,2496197.52,914978.47,1272904.1,1888732.21,2607899.34,3535841.91,1861846.95,1939487.4,2036195.46,1977534.0,1966677.61,0.82,0.9,0.84,0.84,0.87,0.83,0.76,0.89,0.89,0.92,0.9,0.87,303.0,1922.0,2225.0,8.01,9.93,1143.0,6155.0,7298.0,3572.0,22973.0,26545.0,0.78,0.66,0.32,0.58,0.04,0.06
61,Tecnología,Institutos Profesionales,Ingeniería en Conectividad y Redes,1320656.07,1432819.16,1528800.86,1787439.51,1942905.69,677003.96,797783.53,1032110.1,1630449.75,2538369.39,816616.77,1159588.22,1582229.48,2265550.96,2900725.49,2000634.19,1816464.17,1907424.3,1700561.2,1720903.12,0.86,0.91,0.85,0.89,0.86,0.88,0.84,0.9,0.9,0.94,0.9,0.91,64.0,641.0,705.0,8.01,9.76,260.0,1692.0,1952.0,653.0,5284.0,5937.0,0.71,0.6,0.31,0.59,0.03,0.07
62,Tecnología,Institutos Profesionales,Ingeniería en Construcción,1077330.05,1205871.78,1304610.96,1445254.7,1547895.33,560414.68,688405.96,905081.42,1188199.82,1584509.6,681365.42,944043.8,1373917.18,1849075.99,2395826.93,1449422.88,1479804.68,1521512.92,1398279.82,1412341.11,0.68,0.74,0.61,0.7,0.73,0.68,0.63,0.71,0.75,0.79,0.74,0.71,287.0,993.0,1280.0,8.07,10.37,318.0,1354.0,1672.0,1357.0,6176.0,7533.0,0.77,0.66,0.36,0.55,0.02,0.07
63,Tecnología,Institutos Profesionales,Ingeniería en Electricidad,1412926.48,1534297.9,1658662.46,1816974.66,1972284.07,691810.54,866459.12,1164776.18,1656381.65,2493705.26,921703.83,1260599.63,1682097.4,2352609.73,3410880.06,1903431.38,1837572.7,1778379.62,1820586.29,1846953.71,0.86,0.89,0.74,0.82,0.87,0.86,0.85,0.85,0.85,0.9,0.91,0.88,85.0,1803.0,1888.0,8.0,10.59,290.0,3639.0,3929.0,864.0,14970.0,15834.0,0.78,0.66,0.39,0.49,0.01,0.11
64,Administración y Comercio,Institutos Profesionales,Ingeniería en Finanzas,1296692.34,1483552.8,1550596.96,1634436.67,1706882.96,611187.26,726012.58,969659.56,1374910.29,1944199.36,791250.0,1146280.62,1659672.28,2048111.24,2501315.5,1811935.28,1817935.99,1659129.42,1603020.46,1650742.93,0.78,0.83,0.78,0.74,0.87,0.78,0.75,0.83,0.86,0.83,0.86,0.8,762.0,424.0,1186.0,8.22,9.83,734.0,596.0,1330.0,2840.0,2349.0,5189.0,0.77,0.67,0.28,0.6,0.04,0.07
65,Ciencias Básicas,Institutos Profesionales,Ingeniería en Geomensura y Cartografía,1432924.63,1447598.0,1573501.76,1648679.6,1769714.5,685806.27,892472.85,1365522.28,1966728.98,2624198.56,788532.94,1242450.99,1578617.25,1995646.0,2551063.15,,,,,,0.8,0.85,0.73,0.78,0.84,0.74,0.82,0.71,0.9,0.87,0.86,0.82,64.0,88.0,152.0,8.0,12.08,18.0,80.0,98.0,205.0,926.0,1131.0,0.64,0.44,0.46,0.49,0.02,0.03
66,Ciencias Sociales,Institutos Profesionales,Ingeniería en Gestión Pública,1505039.84,1581656.79,1635690.62,1722706.02,1789243.66,809821.08,998616.05,1382356.3,1837572.98,2606510.96,897340.98,1284069.25,1611284.18,2191990.03,2781496.25,1743061.49,1686953.94,1660540.75,1737832.46,1766759.42,0.92,0.93,0.92,0.87,0.93,0.93,0.9,0.91,0.94,0.93,0.95,0.91,161.0,82.0,243.0,8.0,9.41,134.0,86.0,220.0,798.0,409.0,1207.0,0.62,0.47,0.49,0.46,0.01,0.03
67,Administración y Comercio,Institutos Profesionales,Ingeniería en Logística,1331773.53,1509472.21,1700169.72,1776994.74,1774257.39,649271.53,799910.76,1060925.23,1461298.79,2233965.49,862079.01,1061409.3,1610583.75,2278491.24,2969420.58,1745473.77,1648092.27,1688094.93,1773759.5,1851412.13,0.85,0.89,0.83,0.87,0.92,0.85,0.81,0.88,0.89,0.91,0.91,0.87,541.0,763.0,1304.0,8.02,9.57,1502.0,1956.0,3458.0,5132.0,7129.0,12261.0,0.79,0.67,0.35,0.55,0.01,0.08
68,Administración y Comercio,Institutos Profesionales,Ingeniería en Marketing,995843.99,1112057.01,1258804.35,1401677.53,1570123.41,571079.32,651734.6,823136.06,1063888.81,1468441.05,659810.1,890866.66,1194608.5,1743474.76,2474365.57,1413954.75,1545669.49,1442879.6,1406290.32,1358733.79,0.62,0.73,0.57,0.63,0.67,0.61,0.58,0.71,0.7,0.78,0.73,0.69,320.0,255.0,575.0,8.0,9.45,1044.0,713.0,1757.0,2704.0,2047.0,4751.0,0.78,0.63,0.24,0.62,0.09,0.04
69,Tecnología,Institutos Profesionales,Ingeniería en Mecánica Automotriz,1133956.45,1274048.46,1388268.45,1499060.51,1584961.95,606006.24,732462.41,969115.79,1310830.47,1739794.87,704120.54,963505.92,1354409.44,1851901.2,2447794.56,1402387.45,1492029.14,1530543.65,1445747.67,1528656.09,0.8,0.84,0.67,0.71,0.82,0.8,0.77,0.75,0.77,0.85,0.84,0.83,105.0,2696.0,2801.0,8.0,10.64,390.0,5284.0,5674.0,1303.0,20767.0,22070.0,0.83,0.71,0.34,0.56,0.03,0.07
70,Tecnología,Institutos Profesionales,Ingeniería en Medio Ambiente,940683.37,1065970.52,1186565.63,1281373.07,1407830.7,592627.35,689287.94,904912.14,1158004.4,1434669.8,696820.47,908464.54,1244361.16,1573345.15,2165575.64,1208213.45,1233301.84,1345077.27,1156504.79,1364017.0,0.6,0.75,0.44,0.59,0.57,0.69,0.55,0.62,0.67,0.82,0.73,0.73,111.0,70.0,181.0,8.0,10.04,80.0,59.0,139.0,445.0,355.0,800.0,0.8,0.72,0.31,0.61,0.04,0.03
71,Tecnología,Institutos Profesionales,Ingeniería en Metalurgia,1694319.15,1929300.02,1858388.58,2190629.93,2262028.19,650266.13,774277.83,1157590.27,1875935.68,4105402.74,840629.45,1243999.21,1755674.82,2660841.52,3983503.46,,,,,,0.82,0.87,0.71,0.78,0.83,0.85,0.77,0.86,0.79,0.81,0.88,0.9,49.0,55.0,104.0,8.0,10.56,83.0,117.0,200.0,287.0,400.0,687.0,0.74,0.65,0.6,0.37,0.02,0.02
72,Tecnología,Institutos Profesionales,Ingeniería en Minas,1565689.13,1719388.91,1838360.93,1985713.61,2113150.66,730698.98,981914.52,1289815.48,2085343.95,3226433.0,817207.4,1204952.69,1755692.05,2666062.54,4223717.82,1931572.45,1854912.65,1826670.72,1972010.14,2202975.4,0.79,0.84,0.64,0.74,0.82,0.76,0.78,0.75,0.79,0.9,0.83,0.8,154.0,367.0,521.0,8.0,11.55,660.0,1384.0,2044.0,2053.0,4439.0,6492.0,0.69,0.56,0.53,0.4,0.02,0.05
73,Tecnología,Institutos Profesionales,Ingeniería en Prevención de Riesgos,1464546.16,1502024.38,1449357.66,1462914.82,1494788.42,690410.68,927129.66,1344623.44,1927735.08,2563422.56,703861.45,942608.3,1339220.96,1833877.75,2489659.07,1335172.62,1392265.5,1427738.54,1426158.15,1583338.5,0.82,0.84,0.63,0.76,0.8,0.82,0.84,0.7,0.79,0.84,0.83,0.85,754.0,877.0,1631.0,8.0,11.62,1326.0,1081.0,2407.0,4567.0,4222.0,8789.0,0.7,0.45,0.45,0.48,0.02,0.05
74,Tecnología,Institutos Profesionales,Ingeniería en Química,1034074.34,1223167.82,1354260.62,1434781.89,1481366.2,611810.89,744396.57,911651.44,1154560.35,1890233.21,860150.64,1118925.18,1433615.15,1765455.29,2163341.68,1292482.72,1335238.08,1385868.73,1342502.69,1512671.99,0.8,0.85,0.66,0.89,0.79,0.77,0.82,0.69,0.85,0.94,0.81,0.8,68.0,32.0,100.0,8.0,11.35,64.0,43.0,107.0,241.0,154.0,395.0,0.79,0.69,0.48,0.46,0.02,0.04
75,Administración y Comercio,Institutos Profesionales,Ingeniería en Recursos Humanos,1166738.32,1261887.96,1336107.09,1456454.78,1507749.62,604158.67,716416.83,960832.21,1395039.25,2004942.4,722278.23,959409.92,1338431.65,1838894.98,2361295.72,1461417.91,1420487.49,1481254.42,1399280.13,1485003.98,0.79,0.83,0.73,0.81,0.81,0.78,0.77,0.81,0.82,0.86,0.82,0.81,1018.0,275.0,1293.0,8.01,9.66,1744.0,411.0,2155.0,6379.0,1682.0,8061.0,0.76,0.63,0.33,0.58,0.01,0.08
76,Tecnología,Institutos Profesionales,Ingeniería en Refrigeración y Climatización,1141275.17,1279455.28,1404119.72,1513091.43,1554698.17,702491.44,786978.66,993913.04,1267946.65,1718344.26,868029.82,1053029.96,1393318.02,1615585.85,1936592.02,1517028.91,1605304.51,1608923.18,1268354.65,1598108.61,0.8,0.86,0.76,0.87,0.73,0.77,0.87,0.8,0.91,0.88,0.88,0.85,0.0,66.0,66.0,8.0,11.44,7.0,50.0,57.0,18.0,189.0,207.0,,,0.27,0.59,0.03,0.11
77,Administración y Comercio,Institutos Profesionales,Ingeniería en Seguridad Privada,1826793.18,1889699.82,1943318.55,2009188.85,2077960.38,1434235.62,1504871.87,1648172.7,2015282.1,2570620.56,1643522.96,1648172.7,1851402.53,2370149.68,2664054.0,,,,,,0.99,0.99,1.0,1.0,1.0,0.99,0.99,0.99,0.99,0.99,1.0,0.99,110.0,641.0,751.0,8.0,8.47,215.0,641.0,856.0,849.0,3191.0,4040.0,0.85,0.71,0.49,0.44,0.01,0.06
78,Tecnología,Institutos Profesionales,Ingeniería en Sonido,863548.88,953874.71,1001510.49,1042136.48,1073751.01,538093.69,598274.98,724693.97,886542.35,1065451.36,676151.99,745731.94,918245.54,1074288.3,1429162.78,948755.12,952896.79,1063897.11,989938.13,1063560.44,0.44,0.56,0.2,0.38,0.39,0.53,0.4,0.39,0.36,0.55,0.52,0.59,15.0,156.0,171.0,8.0,10.01,47.0,504.0,551.0,177.0,1883.0,2060.0,0.79,0.7,0.27,0.59,0.1,0.04
79,Tecnología,Institutos Profesionales,Ingeniería en Telecomunicaciones,1169594.91,1348101.86,1515989.28,1751537.13,1882081.23,627047.78,779634.01,1025424.61,1317498.37,1719628.55,928883.28,1202057.94,1661607.06,2227096.38,2838488.75,1599566.9,1813053.58,1765469.35,1690570.77,1805325.32,0.86,0.89,0.82,0.84,0.88,0.86,0.85,0.84,0.88,0.94,0.89,0.86,28.0,254.0,282.0,8.0,10.89,27.0,227.0,254.0,129.0,1082.0,1211.0,0.8,0.69,0.33,0.53,0.02,0.13
80,Tecnología,Institutos Profesionales,Ingeniería Industrial,3119069.72,3295196.98,3271923.77,2847984.38,2388778.43,1092995.34,1579186.6,2374627.06,3817961.17,6228482.36,910323.53,1616242.06,2590733.96,4015405.96,6356985.49,1695418.18,1859604.42,2066471.48,3043535.15,3242901.9,0.95,0.95,0.91,0.96,0.95,0.95,0.96,0.89,0.93,0.94,0.96,0.95,95.0,798.0,893.0,8.0,9.55,696.0,3443.0,4139.0,1777.0,11093.0,12870.0,0.68,0.54,0.46,0.41,0.01,0.11
81,Tecnología,Institutos Profesionales,Ingeniería Mecánica,1395756.82,1552730.97,1719933.19,1863351.29,1997064.02,688417.96,864921.57,1168280.71,1593887.23,2331712.65,828473.68,1139632.01,1664460.49,2316607.33,3627667.44,1719474.31,1803559.15,1905831.14,1810395.5,1879452.3,0.87,0.91,0.8,0.89,0.9,0.85,0.84,0.82,0.89,0.93,0.9,0.9,48.0,654.0,702.0,8.0,11.26,6.0,79.0,85.0,20.0,544.0,564.0,0.83,0.78,0.4,0.44,0.03,0.13
82,Salud,Institutos Profesionales,Kinesiología,862539.47,950227.24,1144423.95,1218595.56,1241086.7,512326.46,612386.0,754705.48,898038.33,1236844.02,593088.47,798846.0,1105869.77,1474570.6,1828989.23,,,,,,0.43,0.55,0.46,0.76,0.6,0.39,0.29,0.63,0.76,0.79,0.62,0.49,56.0,58.0,114.0,10.0,12.96,205.0,163.0,368.0,817.0,664.0,1481.0,0.78,0.7,0.37,0.55,0.02,0.06
83,Arte y Arquitectura,Institutos Profesionales,"Música, Canto o Danza",966115.24,992771.32,1019150.7,1090633.26,1119417.29,546014.28,597729.59,801413.87,1153157.64,1471645.26,568045.23,691417.55,978591.8,1475428.93,1725481.16,1271902.49,1125196.54,1072498.05,976244.48,1205099.98,0.3,0.38,0.11,0.28,0.28,0.28,0.33,0.28,0.28,0.4,0.35,0.4,64.0,179.0,243.0,8.87,10.66,127.0,175.0,302.0,490.0,1054.0,1544.0,0.72,0.51,0.19,0.51,0.27,0.03
84,Salud,Institutos Profesionales,Nutrición y Dietética,805378.87,944014.28,985142.98,982660.31,1060244.32,567656.68,631371.12,683784.62,881345.83,1139870.18,653064.96,707655.05,952923.3,1199373.67,1732594.95,,,,,,0.37,0.5,0.2,0.54,0.32,0.36,0.4,0.51,0.52,0.72,0.47,0.47,47.0,11.0,58.0,10.0,13.05,89.0,26.0,115.0,481.0,129.0,610.0,0.62,0.5,0.34,0.58,0.01,0.06
85,Educación,Institutos Profesionales,Psicopedagogía,837138.43,900232.17,944482.5,978899.36,1012000.35,575809.07,647473.63,782025.61,951005.54,1165158.32,620621.07,787113.17,1008579.82,1194750.66,1487565.03,1034203.94,979905.14,944127.62,987450.57,1011729.5,0.59,0.65,0.47,0.41,0.59,0.58,0.61,0.62,0.56,0.62,0.65,0.68,1372.0,73.0,1445.0,8.05,9.47,2266.0,241.0,2507.0,9740.0,762.0,10502.0,0.72,0.58,0.45,0.49,0.02,0.05
86,Ciencias Sociales,Institutos Profesionales,Publicidad,784602.97,867521.49,991565.99,1108484.29,1196170.95,555322.37,610954.1,674659.99,804348.44,1001389.03,600964.4,760081.3,966247.91,1255746.89,1757944.48,1113092.95,1144025.81,1159298.25,1077420.7,1049788.23,0.57,0.67,0.37,0.51,0.65,0.54,0.49,0.65,0.64,0.72,0.69,0.64,199.0,136.0,335.0,8.0,9.48,355.0,172.0,527.0,1137.0,658.0,1795.0,0.78,0.67,0.23,0.65,0.09,0.02
87,Ciencias Sociales,Institutos Profesionales,Relaciones Públicas,861085.03,1001854.87,1051028.55,1187901.09,1304326.4,555853.48,643861.22,792755.57,977485.02,1509367.4,681541.78,785110.6,1075473.07,1326329.12,1783324.17,1264865.95,1253137.07,1261922.33,1030884.24,1200507.13,0.49,0.65,0.34,0.58,0.58,0.46,0.43,0.57,0.63,0.68,0.63,0.64,107.0,24.0,131.0,8.0,9.55,116.0,30.0,146.0,565.0,160.0,725.0,0.78,0.68,0.26,0.57,0.15,0.02
88,Agropecuaria,Institutos Profesionales,Técnico Agropecuario,871738.0,904757.73,970997.64,1014235.02,996363.73,579602.32,664077.75,800817.88,1050199.35,1367612.5,626630.53,732144.24,939090.32,1223117.77,1443771.19,924052.76,934068.65,971258.62,1009236.12,1068044.35,0.55,0.65,0.53,0.61,0.65,0.47,0.52,0.56,0.68,0.68,0.71,0.56,96.0,154.0,250.0,5.0,6.73,87.0,140.0,227.0,243.0,421.0,664.0,0.74,,0.34,0.56,0.02,0.08
89,Educación,Institutos Profesionales,Técnico Asistente del Educador de Párvulos,678226.51,690970.77,705792.31,727928.32,747570.33,535447.6,576441.45,658905.61,791926.69,906633.33,551808.52,620329.45,736994.16,824101.45,920757.32,720971.92,735194.59,720730.65,714695.9,752524.01,0.47,0.54,0.48,0.4,0.48,0.49,0.44,0.62,0.56,0.53,0.53,0.55,2547.0,6.0,2553.0,4.67,5.64,3933.0,31.0,3964.0,9908.0,46.0,9954.0,0.7,,0.46,0.47,0.02,0.04
90,Educación,Institutos Profesionales,Técnico Asistente del Educador Diferencial,667473.49,673712.44,687290.87,696776.7,734138.62,530621.15,560890.87,632725.44,752479.46,939952.51,547428.25,589712.3,658497.59,803245.51,1022523.5,682242.76,706365.69,647904.49,709363.98,724999.53,0.45,0.51,0.39,0.33,0.46,0.45,0.43,0.48,0.49,0.47,0.53,0.52,1060.0,33.0,1093.0,4.68,5.74,1656.0,69.0,1725.0,4312.0,161.0,4473.0,0.67,,0.49,0.45,0.01,0.05
91,Salud,Institutos Profesionales,Técnico Dental y Asistente de Odontología,670625.41,702075.6,724000.48,757884.57,779340.08,543333.97,583694.4,657972.47,727896.46,855455.63,576799.97,650498.58,764421.44,895051.27,1069594.87,696513.32,748552.01,751741.18,745424.69,779677.12,0.58,0.62,0.33,0.61,0.64,0.54,0.53,0.43,0.61,0.69,0.61,0.56,929.0,132.0,1061.0,4.97,5.69,913.0,167.0,1080.0,2805.0,500.0,3305.0,0.78,,0.36,0.58,0.01,0.05
92,Administración y Comercio,Institutos Profesionales,Técnico en Administración de Empresas,1253495.33,1261680.8,1274264.66,1311528.33,1317537.06,625416.57,779266.78,1054045.14,1490124.82,2113492.4,649597.08,826142.02,1122751.88,1593953.08,2290099.4,1254833.63,1241713.4,1277028.9,1310216.99,1353295.65,0.76,0.77,0.69,0.74,0.75,0.76,0.78,0.72,0.74,0.78,0.76,0.76,2643.0,1313.0,3956.0,4.84,6.02,3152.0,1779.0,4931.0,7957.0,4388.0,12346.0,0.67,,0.41,0.5,0.05,0.04
93,Administración y Comercio,Institutos Profesionales,Técnico en Administración de Recursos Humanos y Personal,1072250.64,1064236.4,1102589.13,1160183.12,1215486.75,624218.44,736336.02,957560.95,1360332.91,1924339.69,638982.82,818993.77,1048343.3,1410054.62,1874311.94,1163305.14,1130239.57,1183068.1,1125003.49,1166754.09,0.72,0.76,0.64,0.68,0.73,0.72,0.71,0.68,0.71,0.76,0.76,0.77,529.0,134.0,663.0,4.94,6.45,577.0,120.0,697.0,1623.0,381.0,2004.0,0.68,,0.43,0.5,0.02,0.05
94,Tecnología,Institutos Profesionales,Técnico en Administración de Redes y Soporte,1428586.52,1344987.17,1269000.18,1256914.14,1275604.59,702578.48,914993.94,1238497.64,1847982.75,2798557.36,665775.51,815657.16,1073077.69,1486041.31,1998440.43,1203290.98,1138343.15,1180945.98,1201541.6,1431821.39,0.87,0.85,0.69,0.81,0.86,0.87,0.89,0.76,0.78,0.89,0.83,0.84,20.0,206.0,226.0,4.57,5.95,105.0,681.0,786.0,240.0,1603.0,1843.0,0.59,,0.37,0.53,0.05,0.05
95,Administración y Comercio,Institutos Profesionales,Técnico en Administración Financiera y Finanzas,1142852.32,1166196.62,1251267.14,1328102.15,1405634.51,651292.38,792381.49,1101577.28,1516577.97,2062042.43,690867.63,889794.12,1235779.17,1742696.83,2418068.62,1361607.03,1371365.9,1289007.83,1339561.88,1359103.45,0.68,0.73,0.64,0.65,0.67,0.68,0.71,0.69,0.72,0.77,0.7,0.73,217.0,158.0,375.0,4.91,7.08,32.0,33.0,65.0,124.0,106.0,230.0,0.79,,0.33,0.52,0.06,0.09
96,Ciencias Sociales,Institutos Profesionales,Técnico en Administración Pública o Municipal,1186687.61,1237705.77,1319696.7,1393302.78,1483963.18,650800.22,793071.9,1049916.22,1393070.27,1894080.54,833116.27,1050420.95,1314717.09,1621545.2,1995338.91,1717793.12,1569350.76,1368861.37,1330848.0,1468247.73,0.83,0.88,0.95,0.9,0.86,0.81,0.83,0.98,0.97,0.95,0.9,0.83,409.0,253.0,662.0,4.7,6.06,512.0,282.0,794.0,1298.0,684.0,1982.0,0.65,,0.47,0.47,0.02,0.04
97,Tecnología,Institutos Profesionales,Técnico en Alimentos,813428.57,879874.03,930326.11,994951.72,1011435.49,579310.52,661546.1,760733.51,812234.21,935128.88,555422.51,692334.26,916699.99,1065664.12,1401017.49,,,,,,0.63,0.73,0.51,0.56,0.67,0.61,0.57,0.74,0.67,0.71,0.75,0.72,20.0,6.0,26.0,,,22.0,5.0,27.0,60.0,22.0,82.0,0.76,,0.38,0.6,0.0,0.03
98,Administración y Comercio,Institutos Profesionales,Técnico en Comercio Exterior,1087014.05,1155990.51,1186897.66,1206806.44,1279362.56,605981.8,726116.59,933060.02,1262423.73,1697121.71,663181.62,854966.33,1082405.47,1415283.25,1785442.96,1245849.83,1258790.72,1249420.72,1136408.28,1213898.18,0.78,0.83,0.67,0.79,0.84,0.75,0.76,0.78,0.73,0.85,0.82,0.8,215.0,161.0,376.0,4.75,6.16,377.0,271.0,648.0,787.0,684.0,1471.0,0.71,,0.31,0.59,0.05,0.05
99,Tecnología,Institutos Profesionales,Técnico en Computación e Informática,1279538.01,1405140.56,1532527.69,1596834.67,1678572.2,630112.73,768771.91,1036291.6,1455330.83,2112876.02,692922.68,912857.3,1373915.6,2066782.98,3031824.1,1399843.7,1515127.69,1580868.1,1560084.51,1662981.88,0.74,0.81,0.71,0.76,0.76,0.76,0.7,0.75,0.82,0.84,0.81,0.79,262.0,1516.0,1778.0,4.9,6.41,582.0,2393.0,2975.0,1516.0,6864.0,8380.0,0.69,,0.31,0.58,0.06,0.04
100,Arte y Arquitectura,Institutos Profesionales,Técnico en Comunicación Audiovisual,840692.78,865594.86,871515.9,929647.74,923031.61,543746.3,603854.2,735667.32,981384.03,1520230.47,559692.8,650508.69,805160.44,1024502.41,1261850.51,872096.11,853004.47,977556.51,827188.49,973318.83,0.42,0.48,0.27,0.44,0.45,0.37,0.42,0.44,0.42,0.56,0.45,0.45,44.0,115.0,159.0,4.99,6.41,57.0,155.0,212.0,154.0,432.0,586.0,0.72,,0.25,0.57,0.14,0.04
101,Tecnología,Institutos Profesionales,Técnico en Construcción y Obras Civiles,1153411.16,1189421.0,1190435.53,1219046.28,1266828.11,600240.05,732825.24,986828.01,1379130.82,1980692.17,603211.46,755887.54,1059422.82,1492413.08,2023091.56,1108782.78,1250735.85,1224227.18,1159515.87,1285207.28,0.68,0.7,0.54,0.68,0.71,0.68,0.64,0.6,0.66,0.72,0.7,0.66,198.0,1001.0,1199.0,4.88,6.43,227.0,1700.0,1927.0,500.0,3839.0,4339.0,0.61,,0.42,0.48,0.02,0.07
102,Administración y Comercio,Institutos Profesionales,Técnico en Contabilidad General,1170321.63,1192039.24,1252253.6,1321030.36,1396999.75,600207.0,733802.44,942115.79,1270136.66,1948188.67,668522.82,843800.3,1143800.36,1601552.99,2214721.06,1257782.58,1386303.51,1341287.25,1291388.8,1329231.22,0.71,0.78,0.66,0.69,0.71,0.72,0.71,0.73,0.73,0.8,0.79,0.77,1182.0,521.0,1703.0,4.85,6.49,1242.0,596.0,1838.0,3264.0,1499.0,4763.0,0.69,,0.4,0.52,0.03,0.06
103,Educación,Institutos Profesionales,"Técnico en Deporte, Recreación y Preparación Física",907603.22,891661.06,895023.0,936552.85,965468.01,549661.68,637342.42,767136.17,999957.11,1433516.86,574031.21,651421.27,823740.79,1105486.41,1538399.07,889388.79,916863.73,902289.3,976963.85,920602.89,0.4,0.46,0.28,0.33,0.43,0.4,0.38,0.33,0.44,0.43,0.46,0.47,171.0,621.0,792.0,5.02,6.19,328.0,1311.0,1639.0,846.0,3250.0,4096.0,0.72,,0.32,0.59,0.04,0.04
104,Arte y Arquitectura,Institutos Profesionales,Técnico en Dibujo Arquitectónico,849611.75,903010.54,987150.39,1046250.94,1140108.56,579983.52,661608.08,819056.63,1011226.02,1262323.59,619614.34,756988.88,980246.0,1299422.05,2001321.64,987165.04,1002593.33,1042918.02,1047201.73,1050227.21,0.59,0.7,0.56,0.59,0.64,0.57,0.54,0.68,0.62,0.73,0.7,0.68,86.0,139.0,225.0,5.0,6.54,89.0,157.0,246.0,280.0,482.0,762.0,0.72,,0.29,0.58,0.04,0.09
105,Arte y Arquitectura,Institutos Profesionales,Técnico en Diseño Gráfico,914509.2,839185.1,859415.07,863093.75,934014.29,544486.29,631673.86,806124.27,1113258.77,1853222.93,550824.91,649758.06,839647.42,1104137.24,1277681.05,870216.99,865758.88,851066.78,861096.52,906491.14,0.48,0.46,0.27,0.24,0.48,0.38,0.52,0.41,0.38,0.38,0.52,0.45,121.0,102.0,223.0,4.77,6.09,193.0,159.0,352.0,528.0,415.0,943.0,0.63,,0.34,0.55,0.06,0.04
106,Tecnología,Institutos Profesionales,Técnico en Electricidad y Electricidad Industrial,1223582.04,1273307.13,1348052.61,1353688.49,1422250.54,617267.75,799265.36,1055339.45,1502814.27,2140502.34,727674.52,930698.76,1314401.73,1805227.03,2537631.41,1245113.69,1270961.77,1290792.47,1374143.12,1400285.04,0.78,0.82,0.66,0.77,0.8,0.78,0.78,0.73,0.77,0.84,0.83,0.8,52.0,1158.0,1210.0,4.86,5.96,141.0,2969.0,3110.0,320.0,6785.0,7105.0,0.69,,0.44,0.45,0.02,0.09
107,Tecnología,Institutos Profesionales,Técnico en Electromecánica,1077527.11,1196766.47,1226714.49,1298724.43,1341674.42,684020.15,821881.22,1093121.72,1403342.8,1736670.31,727972.59,942518.54,1202457.7,1571988.68,2193883.75,1316868.47,1258178.59,1241720.64,1298848.69,1420548.08,0.81,0.83,0.75,0.84,0.82,0.8,0.79,0.77,0.85,0.87,0.83,0.77,10.0,124.0,134.0,4.84,6.04,14.0,69.0,83.0,56.0,352.0,408.0,0.75,,0.47,0.44,0.03,0.06
108,Tecnología,Institutos Profesionales,Técnico en Energía,940791.0,985420.39,1095655.59,1147533.86,1430417.18,612463.72,694873.07,795349.73,1042498.38,1390463.27,601782.2,788987.46,946800.25,1209515.83,2514673.74,,,,,,0.67,0.7,,,,,,,,,,,15.0,110.0,125.0,4.97,6.86,23.0,120.0,143.0,59.0,299.0,358.0,0.77,,0.4,0.51,0.04,0.04
109,Salud,Institutos Profesionales,Técnico en Enfermería,802204.54,837348.43,863858.8,888654.08,916825.85,563110.63,640247.24,772159.14,921306.44,1101858.62,615149.4,715572.04,862324.6,1027220.8,1252411.51,842338.28,915235.53,885144.13,882423.1,901325.98,0.66,0.71,0.64,0.78,0.7,0.65,0.62,0.69,0.8,0.74,0.7,0.68,5259.0,978.0,6237.0,5.01,5.85,4710.0,1034.0,5744.0,14923.0,3181.0,18104.0,0.72,,0.43,0.51,0.02,0.05
110,Salud,Institutos Profesionales,Técnico en Farmacia,862994.52,893354.08,970063.53,1001558.64,1040903.28,605199.69,685710.0,842745.43,1033786.68,1198849.25,657965.61,873848.94,1054384.41,1289924.15,1705510.54,,,,,,0.77,0.81,0.76,0.8,0.77,0.76,0.76,0.77,0.86,0.89,0.83,0.75,182.0,93.0,275.0,5.0,5.66,530.0,182.0,712.0,1229.0,416.0,1645.0,0.8,,0.35,0.59,0.02,0.04
111,Administración y Comercio,Institutos Profesionales,Técnico en Gastronomía y Cocina,749994.47,764655.23,798501.7,806822.27,900569.35,538316.48,586705.11,692436.08,808289.41,1076803.07,559506.68,622798.55,756784.42,935776.87,1291630.83,719623.81,784998.54,790587.19,834038.7,794942.98,0.46,0.5,0.25,0.39,0.44,0.47,0.46,0.29,0.46,0.52,0.47,0.51,246.0,243.0,489.0,4.89,6.11,423.0,438.0,861.0,1107.0,1177.0,2284.0,0.75,,0.34,0.56,0.05,0.05
112,Ciencias Básicas,Institutos Profesionales,Técnico en Geología,860678.34,955424.6,963681.22,947952.17,1078711.63,577554.74,651578.81,921184.06,1143870.21,1387094.22,614523.35,727785.68,880335.17,1194935.38,1766938.09,,,,,,0.58,0.62,0.3,0.57,0.62,0.64,0.47,0.55,0.5,0.69,0.6,0.61,19.0,27.0,46.0,5.0,7.09,14.0,24.0,38.0,53.0,106.0,159.0,0.8,,0.26,0.69,0.03,0.02
113,Tecnología,Institutos Profesionales,"Técnico en Instrumentación, Automatización y Control Industrial",2469309.85,2648237.77,2663846.09,2233588.83,1849629.2,955925.57,1315588.87,1887739.55,2843908.64,4691556.87,739485.99,1124682.09,1714117.14,2927205.11,4433942.22,1171826.61,1395789.11,1576319.61,2058493.71,2764507.85,0.96,0.96,0.78,0.93,0.94,0.97,0.95,0.78,0.89,0.97,0.96,0.97,75.0,842.0,917.0,4.9,6.3,251.0,1755.0,2006.0,500.0,4217.0,4717.0,0.57,,0.53,0.37,0.02,0.09
114,Salud,Institutos Profesionales,Técnico en Laboratorio Clínico,676165.2,745848.35,787133.18,814052.67,829583.88,538388.48,571579.66,656506.31,706040.46,819024.11,583739.94,674614.12,811868.13,967423.66,1139326.94,797135.73,828879.38,801734.1,824144.01,823071.26,0.52,0.65,0.53,0.77,0.65,0.49,0.34,0.65,0.75,0.73,0.65,0.6,164.0,48.0,212.0,5.0,5.45,275.0,63.0,338.0,639.0,149.0,788.0,0.82,,0.38,0.56,0.02,0.04
115,Administración y Comercio,Institutos Profesionales,Técnico en Logística,1280793.12,1283782.55,1307345.91,1323864.02,1437833.15,669820.2,834447.33,1100248.77,1556846.71,2175010.33,738857.03,934035.72,1197354.84,1666059.87,2303201.01,1458021.52,1419017.89,1339047.41,1320093.02,1313696.97,0.84,0.85,0.78,0.79,0.84,0.84,0.84,0.83,0.86,0.85,0.85,0.85,531.0,1041.0,1572.0,4.84,5.89,1078.0,1879.0,2957.0,2479.0,4568.0,7047.0,0.69,,0.41,0.51,0.02,0.06
116,Tecnología,Institutos Profesionales,Técnico en Mantenimiento Industrial,1379474.91,1341201.36,1418214.76,1363912.11,1408360.67,627259.31,783691.72,1175412.78,1782793.16,3160522.58,655240.45,922584.49,1218683.95,1736849.66,2660151.2,1272271.97,1216598.69,1287270.3,1408126.11,1452709.01,0.8,0.85,0.66,0.75,0.82,0.81,0.78,0.71,0.8,0.86,0.86,0.84,18.0,309.0,327.0,4.69,6.29,70.0,907.0,977.0,127.0,1924.0,2051.0,0.71,,0.5,0.4,0.02,0.09
117,Salud,Institutos Profesionales,Técnico en Masoterapia,746455.69,767368.0,773992.11,822570.56,842201.35,523349.63,560354.11,678240.69,884047.36,1193294.41,556765.44,665387.36,802491.2,973487.89,1216246.99,725484.14,795682.28,800545.75,807574.71,973761.61,0.31,0.41,0.23,0.39,0.3,0.32,0.32,0.33,0.44,0.54,0.38,0.4,219.0,74.0,293.0,4.91,5.59,199.0,96.0,295.0,584.0,269.0,853.0,0.71,,0.37,0.55,0.04,0.05
118,Tecnología,Institutos Profesionales,Técnico en Mecánica Automotriz,998175.58,1046529.93,1085293.15,1127359.79,1172698.71,544943.55,646851.01,855559.14,1170139.1,1589112.04,625974.14,776203.68,1037328.22,1391568.03,1783783.63,993390.64,1087557.57,1091619.17,1121076.65,1204309.77,0.67,0.73,0.51,0.63,0.7,0.63,0.66,0.57,0.68,0.72,0.76,0.71,41.0,793.0,834.0,4.98,6.31,136.0,1927.0,2063.0,296.0,4489.0,4785.0,0.7,,0.36,0.54,0.02,0.08
119,Tecnología,Institutos Profesionales,Técnico en Minería,2133017.77,2033591.78,1892949.25,1590809.34,1506958.1,787326.28,1122242.62,1753946.03,2923138.79,5040287.12,699640.39,887274.91,1316722.95,2029047.74,3812493.59,1186696.4,1266535.51,1323958.56,1647290.89,2013817.97,0.84,0.84,0.64,0.79,0.84,0.81,0.85,0.61,0.76,0.85,0.84,0.82,114.0,359.0,473.0,4.93,6.33,585.0,1548.0,2133.0,1123.0,3356.0,4479.0,0.6,,0.54,0.39,0.02,0.05
120,Arte y Arquitectura,Institutos Profesionales,Técnico en Peluquería y Estética,725178.74,765153.84,810030.84,838090.89,859606.8,529910.77,567391.31,680708.51,850519.37,1046300.33,553094.78,635703.83,783666.35,996379.01,1212101.06,773925.44,820355.58,807484.4,840580.39,878854.1,0.28,0.35,0.13,0.25,0.3,0.27,0.27,0.25,0.26,0.36,0.36,0.34,1454.0,29.0,1483.0,5.0,5.71,1297.0,54.0,1351.0,3610.0,136.0,3746.0,0.7,,0.38,0.55,0.03,0.04
121,Salud,Institutos Profesionales,Técnico en Podología,1061732.5,1128629.8,1096726.48,1041393.21,1120497.86,595649.22,729775.37,933981.87,1145546.65,1616913.04,647102.71,786642.02,972687.54,1197367.3,1693265.86,1186287.98,1169959.08,1001047.07,1040924.41,1081263.71,0.66,0.67,0.7,0.7,0.66,0.66,0.65,0.66,0.73,0.66,0.68,0.66,752.0,49.0,801.0,5.0,5.5,762.0,68.0,830.0,2282.0,210.0,2492.0,0.8,,0.46,0.47,0.02,0.05
122,Tecnología,Institutos Profesionales,Técnico en Prevención de Riesgos,1456261.04,1424487.81,1379023.78,1208885.25,1178903.36,616945.89,769458.36,1095419.34,1740298.2,2410686.96,601385.34,764218.88,1039866.55,1599715.14,2195581.25,1052713.39,1065930.05,1100774.69,1289778.19,1445322.22,0.75,0.77,0.53,0.66,0.74,0.76,0.74,0.56,0.62,0.74,0.76,0.79,477.0,477.0,954.0,4.95,6.15,782.0,710.0,1492.0,1949.0,1784.0,3733.0,0.6,,0.51,0.43,0.03,0.03
123,Salud,Institutos Profesionales,Técnico en Radiología y Radioterapia,719904.16,814412.24,876484.57,885565.8,941689.93,545874.23,583472.41,630242.98,734724.8,790445.65,646691.17,725898.2,866177.42,1080169.49,1283702.11,839244.4,922297.02,860328.86,879820.3,917427.97,0.67,0.79,0.44,0.82,0.76,0.67,0.53,0.69,0.7,0.85,0.78,0.75,85.0,54.0,139.0,5.0,5.09,121.0,56.0,177.0,282.0,135.0,417.0,0.8,,0.26,0.67,0.04,0.03
124,Ciencias Sociales,Institutos Profesionales,Técnico en Servicio Social,887397.24,889652.46,916685.27,932910.43,956392.73,561225.01,653076.3,819465.18,1074860.11,1448991.77,587853.12,696300.0,890574.47,1164182.04,1468534.06,1007326.42,889634.53,884031.12,930189.93,982550.58,0.52,0.56,0.48,0.5,0.49,0.55,0.52,0.52,0.57,0.56,0.53,0.58,1759.0,271.0,2030.0,4.8,6.01,1629.0,273.0,1902.0,4357.0,721.0,5078.0,0.69,,0.51,0.45,0.01,0.03
125,Tecnología,Institutos Profesionales,Técnico en Sonido,749251.53,822594.2,818828.38,877300.35,881653.07,538549.54,599509.46,687754.66,800988.76,942710.9,582158.5,684996.47,837429.55,1024535.29,1218716.75,762467.96,778720.89,929644.25,778216.24,945082.64,0.33,0.46,0.2,0.32,0.31,0.35,0.32,0.32,0.39,0.53,0.46,0.43,30.0,227.0,257.0,5.0,6.52,29.0,310.0,339.0,77.0,900.0,977.0,0.71,,0.3,0.57,0.08,0.04
126,Tecnología,Institutos Profesionales,Técnico en Telecomunicaciones,1042678.59,990834.42,1030515.47,1032837.22,1198734.71,644009.28,751398.52,918250.64,1188731.62,2323418.76,626501.45,779003.82,1065841.31,1465265.59,1835059.26,1192509.34,1183502.91,993063.1,1067748.53,1028890.49,0.74,0.8,0.72,0.67,0.73,0.74,0.73,0.66,0.74,0.79,0.78,0.82,10.0,148.0,158.0,5.0,7.11,18.0,200.0,218.0,44.0,649.0,693.0,0.71,,0.36,0.56,0.02,0.06
127,Tecnología,Institutos Profesionales,Técnico en Topografía,1166017.22,1293373.28,1397337.03,1400112.64,1464810.78,591129.86,710008.67,980814.55,1362455.75,1808325.21,688012.36,881144.09,1271509.21,1817949.98,2321976.93,1237948.8,1403932.5,1360318.11,1397674.21,1464121.3,0.79,0.77,0.67,0.79,0.8,0.74,0.83,0.69,0.83,0.79,0.76,0.78,28.0,167.0,195.0,4.96,6.19,40.0,289.0,329.0,117.0,786.0,903.0,0.68,,0.49,0.44,0.02,0.04
128,Humanidades,Institutos Profesionales,Técnico en Traducción e Interpretariado,821239.99,969191.69,1091939.58,1222878.14,1205313.24,580909.02,634373.79,783063.55,965601.5,1228560.16,591691.48,633809.01,806984.18,1005516.46,1112159.99,920865.8,1169468.33,1475649.05,795754.88,1431433.45,0.35,0.54,0.22,0.44,0.49,0.27,0.28,0.49,0.43,0.58,0.62,0.45,42.0,26.0,68.0,5.7,7.45,107.0,50.0,157.0,237.0,134.0,371.0,0.6,,0.2,0.61,0.15,0.04
129,Administración y Comercio,Institutos Profesionales,Técnico en Turismo y Hotelería,790741.31,817710.77,860859.78,897407.61,916672.62,541545.13,606935.79,725509.52,929825.48,1179925.63,583162.15,675044.21,885074.53,1120473.04,1401388.24,795545.18,807268.84,879653.32,901878.24,913367.08,0.45,0.53,0.27,0.33,0.52,0.4,0.41,0.36,0.47,0.55,0.53,0.5,312.0,168.0,480.0,4.92,6.45,356.0,191.0,547.0,918.0,566.0,1484.0,0.75,,0.36,0.55,0.05,0.03
130,Derecho,Institutos Profesionales,Técnico Jurídico,1100373.73,1111814.23,1079050.34,1092587.72,1017217.16,595887.03,739803.8,1005141.67,1356519.88,1959945.24,591207.14,684121.96,922154.85,1192043.8,1566078.57,1113091.74,1129016.07,1047208.59,942375.52,1282407.29,0.67,0.69,0.47,0.62,0.67,0.68,0.67,0.59,0.59,0.67,0.71,0.69,413.0,148.0,561.0,4.85,5.88,504.0,227.0,731.0,1280.0,560.0,1840.0,0.57,,0.43,0.51,0.03,0.03
131,Salud,Institutos Profesionales,Técnico Laboratorista Dental,911789.89,937462.28,937175.11,908092.05,969569.76,565774.17,653631.05,825336.26,1043776.56,1639939.08,571656.57,649141.76,861143.79,1015647.56,1199492.54,,,,,,0.52,0.66,0.42,0.62,0.49,0.55,0.51,0.29,0.62,0.71,0.61,0.66,87.0,38.0,125.0,5.0,6.07,101.0,38.0,139.0,338.0,131.0,469.0,0.8,,0.37,0.54,0.04,0.05
132,Agropecuaria,Institutos Profesionales,Técnico Veterinario,685448.59,707202.74,743319.87,778521.78,784505.82,532616.22,580795.7,648562.81,777764.99,967815.42,541247.18,611682.67,746588.29,862852.59,1077424.11,772189.4,745355.77,793925.39,756253.08,790706.45,0.44,0.51,0.26,0.43,0.46,0.42,0.42,0.4,0.47,0.62,0.51,0.44,191.0,43.0,234.0,5.0,6.26,564.0,131.0,695.0,1459.0,385.0,1844.0,0.85,,0.34,0.6,0.02,0.04
133,Salud,Institutos Profesionales,Terapia Ocupacional,866335.49,1002510.05,1043371.79,1072179.58,1189174.1,573702.58,635795.68,787087.85,1029689.23,1318570.43,646119.54,877545.04,1107360.09,1385056.75,1804700.93,1198579.71,1123180.11,1116307.73,1079640.11,935320.33,0.47,0.62,0.43,0.58,0.55,0.49,0.37,0.57,0.7,0.7,0.63,0.6,161.0,26.0,187.0,9.83,11.77,267.0,45.0,312.0,1149.0,194.0,1343.0,0.82,0.71,0.37,0.58,0.01,0.04
134,Ciencias Sociales,Institutos Profesionales,Trabajo Social,1099932.72,1147941.88,1188297.46,1190447.32,1255512.57,600246.12,729101.84,981863.58,1357547.54,1808421.28,658528.23,877612.61,1164513.35,1555321.88,2112053.03,1285857.17,1298229.9,1145541.49,1234361.93,1225725.22,0.68,0.75,0.62,0.65,0.69,0.69,0.65,0.71,0.74,0.76,0.76,0.75,3193.0,434.0,3627.0,8.03,9.83,3918.0,626.0,4544.0,17230.0,2914.0,20144.0,0.73,0.62,0.51,0.44,0.01,0.03
135,Arte y Arquitectura,Universidades,Actuación y Teatro,845806.47,992298.5,966867.32,1051852.35,1043078.38,540782.27,609784.6,791415.85,980812.36,1317492.7,566399.43,655951.7,789403.4,1328952.11,1798025.42,,,,,,0.27,0.33,0.17,0.29,0.28,0.25,0.27,0.19,0.31,0.38,0.3,0.34,148.0,66.0,214.0,8.73,11.48,235.0,93.0,328.0,913.0,391.0,1304.0,0.81,0.72,0.22,0.52,0.25,0.01
136,Administración y Comercio,Universidades,Administración de Empresas e Ing. Asociadas,1381021.84,1448399.11,1550277.77,1675631.36,1738045.2,634947.18,810172.74,1127007.88,1688050.64,2482797.61,727578.46,1003292.87,1480514.69,2109357.59,2992524.03,1737757.18,1664065.88,1663929.23,1644062.33,1725478.19,0.78,0.82,0.72,0.79,0.8,0.77,0.77,0.78,0.82,0.84,0.82,0.81,1594.0,1032.0,2626.0,8.12,12.03,556.0,499.0,1055.0,4870.0,3203.0,8074.0,0.75,0.66,0.31,0.52,0.13,0.05
137,Ciencias Sociales,Universidades,Administración Pública,1361764.87,1534635.3,1688908.63,1786637.44,1907871.17,640473.8,838983.56,1191538.54,1699948.14,2378654.17,1006043.78,1384361.59,1899910.2,2367778.17,2847768.71,1946575.71,1804106.2,1735575.96,1775464.64,1853783.02,0.78,0.88,0.68,0.76,0.81,0.77,0.75,0.83,0.83,0.89,0.9,0.86,822.0,655.0,1477.0,10.12,11.25,1097.0,826.0,1923.0,4630.0,3842.0,8473.0,0.83,0.77,0.31,0.6,0.07,0.03
138,Administración y Comercio,Universidades,Administración Turística y Hotelera,884017.84,949767.12,1011047.38,1096398.04,1185028.92,585684.48,666194.08,796600.43,1002530.72,1283312.73,621708.95,736897.72,1003008.19,1379614.09,1970908.89,1043974.52,951689.89,1143875.68,1104598.65,1041165.34,0.47,0.58,0.22,0.34,0.55,0.43,0.44,0.42,0.43,0.58,0.59,0.58,213.0,144.0,357.0,8.58,11.23,309.0,125.0,434.0,1171.0,651.0,1822.0,0.8,0.69,0.26,0.55,0.17,0.02
139,Agropecuaria,Universidades,Agronomía,1236431.79,1430559.19,1560013.14,1729269.94,1933592.52,589904.74,742928.8,1063960.47,1524050.89,2136224.13,712799.23,1120534.05,1672313.2,2331721.35,3344150.25,1786087.22,1804291.09,1792461.13,1675569.49,1732205.07,0.68,0.76,0.64,0.73,0.72,0.68,0.66,0.76,0.79,0.81,0.76,0.73,373.0,565.0,938.0,10.0,14.22,610.0,803.0,1413.0,2907.0,4110.0,7017.0,0.81,0.73,0.27,0.52,0.18,0.04
140,Ciencias Sociales,Universidades,Antropología,1324790.38,1433147.68,1540997.44,1623765.13,1679149.65,604930.23,713742.05,1073030.3,1731588.73,2557539.97,743070.08,1143820.1,1504462.53,2416613.24,3368936.99,1391188.44,1534335.68,1463143.69,1773083.93,1689714.38,0.61,0.77,0.47,0.58,0.58,0.69,0.59,0.56,0.69,0.83,0.81,0.71,173.0,101.0,274.0,9.87,14.59,254.0,144.0,398.0,1439.0,829.0,2268.0,0.86,0.8,0.27,0.49,0.23,0.01
141,Arte y Arquitectura,Universidades,Arquitectura,1083856.17,1230510.74,1373124.53,1493344.75,1606588.18,575695.56,694888.94,916845.55,1207395.45,1602235.18,790948.89,1090984.38,1446963.18,1848924.51,2422022.67,1553328.04,1554051.76,1536959.23,1448334.86,1491467.76,0.62,0.74,0.6,0.61,0.65,0.62,0.57,0.72,0.75,0.77,0.73,0.73,916.0,800.0,1716.0,11.22,14.73,2023.0,1449.0,3472.0,9721.0,7982.0,17704.0,0.82,0.75,0.22,0.55,0.21,0.02
142,Arte y Arquitectura,Universidades,Artes y Licenciatura en Artes,1025271.26,1061003.8,1001528.01,1036736.82,1153070.9,533056.51,590836.57,734556.23,957776.91,1467540.96,582603.62,684970.4,977491.08,1318498.38,1677752.78,1018580.18,1117557.78,1007083.01,1074323.59,1026537.32,0.32,0.44,0.28,0.21,0.29,0.38,0.26,0.4,0.4,0.45,0.37,0.48,435.0,141.0,576.0,8.38,10.86,645.0,228.0,873.0,2608.0,834.0,3443.0,0.83,0.75,0.26,0.49,0.24,0.01
143,Humanidades,Universidades,Bibliotecología,1057930.61,1082028.67,1268969.31,1339844.39,1627929.63,664127.69,831142.63,1086375.3,1453966.71,1813505.7,797177.78,1149661.02,1335758.18,2093191.48,2184394.56,,,,,,0.75,0.81,,,,,,,,,,,45.0,21.0,66.0,10.0,13.13,60.0,12.0,72.0,338.0,105.0,443.0,0.75,0.74,0.34,0.58,0.06,0.02
144,Ciencias Básicas,Universidades,Biología,1076664.17,1257554.52,1354407.45,1400217.91,1307996.33,607515.42,676380.54,916402.89,1188765.21,1300006.17,773496.55,1030214.01,1331464.95,1735985.0,2107154.49,1251925.24,1203675.86,1259883.78,1384962.72,1539914.71,0.55,0.67,0.44,0.61,0.56,0.65,0.48,0.66,0.57,0.69,0.66,0.66,109.0,74.0,183.0,9.96,13.7,172.0,151.0,323.0,766.0,575.0,1341.0,0.82,0.66,0.27,0.45,0.26,0.01
145,Ciencias Básicas,Universidades,Biología Marina y Ecología Marina,1036297.55,1167847.24,1269657.45,1320335.86,1400644.3,649866.07,733182.1,901399.91,1111320.69,1528018.61,691031.6,882345.65,1429893.59,1977413.93,2218121.5,1139588.33,1326462.35,1246719.48,1272544.4,1415141.69,0.6,0.73,,,,,,,,,,,135.0,87.0,222.0,9.96,13.45,317.0,231.0,548.0,1173.0,927.0,2100.0,0.81,0.71,0.3,0.54,0.15,0.01
146,Ciencias Básicas,Universidades,Bioquímica,1059558.64,1308473.52,1376985.02,1458953.05,1568532.7,598508.53,729943.64,932599.34,1144413.45,1471132.27,650436.25,928650.04,1363713.48,1824546.01,2645706.49,1563510.17,1727240.44,1646120.64,1428542.98,1266670.99,0.64,0.71,0.58,0.84,0.82,0.63,0.56,0.72,0.8,0.81,0.7,0.65,181.0,133.0,315.0,10.54,14.11,395.0,228.0,623.0,1728.0,1215.0,2943.0,0.79,0.7,0.24,0.54,0.21,0.01
147,Ciencias Sociales,Universidades,Ciencias Políticas,1111607.35,1220455.39,1397194.45,1564680.25,1702525.54,584762.32,757669.0,998283.2,1418062.51,1909686.09,825935.24,1157833.05,1502836.6,2123257.22,2840612.34,1622154.99,1494572.25,1583066.14,1560453.37,1534923.17,0.58,0.76,0.52,0.53,0.65,0.57,0.54,0.71,0.72,0.75,0.76,0.76,193.0,140.0,333.0,9.22,11.37,273.0,167.0,440.0,937.0,781.0,1718.0,0.81,0.77,0.22,0.49,0.28,0.01
148,Arte y Arquitectura,Universidades,Comunicación Audiovisual y/o Multimedia,1065600.85,1092735.89,1179803.2,1222311.44,1290274.21,570614.77,647746.09,760369.97,946164.88,1428869.67,601560.03,855205.68,1188619.71,1552280.93,2376733.45,1470483.21,1197860.13,1289361.19,1367211.47,1007944.03,0.47,0.56,0.46,0.49,0.56,0.43,0.39,0.6,0.66,0.59,0.63,0.47,69.0,102.0,171.0,9.1,11.54,135.0,159.0,294.0,595.0,803.0,1398.0,0.83,0.75,0.17,0.55,0.27,0.02
149,Tecnología,Universidades,Construcción Civil,1362521.92,1577829.87,1736939.23,1886038.93,2098714.04,654983.47,860925.98,1147488.51,1508747.76,1949326.05,995239.88,1434192.98,1946267.87,2559081.76,3208411.14,1821912.84,2036197.07,1932113.3,1945621.66,1778659.3,0.83,0.85,0.8,0.82,0.86,0.85,0.78,0.82,0.88,0.83,0.85,0.88,106.0,316.0,422.0,9.36,14.06,131.0,327.0,458.0,556.0,1713.0,2269.0,0.84,0.75,0.27,0.55,0.14,0.04
150,Administración y Comercio,Universidades,Contador Auditor,1206721.53,1357322.55,1506715.03,1687026.29,1825824.08,641315.16,803679.17,985729.4,1339165.3,1926420.5,828141.5,1125088.88,1576091.27,2104308.1,2961185.96,1785928.4,1701831.87,1756798.35,1641112.03,1662338.1,0.85,0.9,0.81,0.84,0.87,0.86,0.83,0.86,0.89,0.91,0.89,0.89,1300.0,819.0,2119.0,9.15,11.78,1280.0,1319.0,2599.0,6287.0,5347.0,11634.0,0.84,0.75,0.34,0.56,0.03,0.06
151,Derecho,Universidades,Derecho,1662615.29,1852955.79,2050180.72,2204825.64,2426581.79,688623.34,993914.88,1461805.71,2046455.94,2815678.33,936691.6,1458122.27,2057320.86,2951162.75,4261475.04,2435972.21,2379971.28,2178042.53,2233582.53,2206370.44,0.75,0.82,0.7,0.75,0.78,0.75,0.73,0.77,0.81,0.81,0.83,0.82,2690.0,2233.0,4923.0,10.45,16.19,5926.0,4276.0,10202.0,28372.0,21435.0,49807.0,0.83,0.76,0.24,0.53,0.21,0.02
152,Arte y Arquitectura,Universidades,Diseño,1035131.16,1193890.12,1298862.83,1450392.86,1525896.26,557568.12,664108.35,808120.5,1073436.3,1498186.86,705677.46,955927.15,1309591.37,1873735.04,2609167.8,1211475.37,1345993.59,1514883.81,1389187.98,1444638.57,0.6,0.72,0.48,0.61,0.68,0.61,0.5,0.69,0.7,0.75,0.72,0.7,578.0,118.0,696.0,9.86,12.11,1124.0,261.0,1385.0,5196.0,1397.0,6594.0,0.89,0.82,0.15,0.42,0.42,0.01
153,Arte y Arquitectura,Universidades,Diseño Gráfico,899199.46,1000242.6,1055086.45,1179236.2,1243756.1,560660.89,622379.27,753203.36,1001007.34,1256961.95,566377.28,736460.16,1027278.56,1374609.96,2192294.48,1227361.88,1246334.63,1198571.03,1256314.47,1115132.14,0.44,0.53,0.46,0.5,0.47,0.39,0.45,0.54,0.6,0.63,0.48,0.5,141.0,91.0,232.0,9.21,11.58,231.0,165.0,396.0,1164.0,821.0,1986.0,0.84,0.75,0.25,0.58,0.15,0.02
154,Tecnología,Universidades,Diseño Industrial,907219.76,955410.63,1057889.24,1194059.86,1320772.49,548698.64,607491.95,815715.01,938168.42,1377643.7,652688.85,862616.88,1060363.18,1269954.67,2432645.2,963869.03,1086116.4,1280888.01,1191207.16,1106408.36,0.58,0.63,0.36,0.54,0.69,0.51,0.59,0.56,0.59,0.67,0.65,0.59,42.0,40.0,82.0,8.85,13.6,105.0,52.0,157.0,358.0,243.0,601.0,0.82,0.74,0.27,0.58,0.1,0.05
155,Salud,Universidades,Enfermería,1322775.46,1559232.06,1740235.49,1832131.34,1864806.68,613838.12,766470.82,1064107.82,1402427.98,1764500.51,1017889.23,1418583.95,1826429.89,2255476.76,2648020.81,1790617.66,2013405.61,1852235.54,1802199.8,1850417.27,0.79,0.88,0.93,0.98,0.92,0.77,0.65,0.95,0.98,0.96,0.9,0.83,4713.0,929.0,5642.0,9.99,12.06,6182.0,1406.0,7588.0,30333.0,7069.0,37402.0,0.88,0.83,0.3,0.59,0.09,0.02
156,Salud,Universidades,Fonoaudiología,844333.85,968971.82,1048129.85,1108057.37,1135677.21,542550.72,608063.67,719964.13,928554.03,1201074.68,657129.3,813327.72,1083626.46,1383781.78,1708107.42,1098493.72,1145690.65,1097802.75,1118110.15,1112634.25,0.42,0.6,0.28,0.62,0.46,0.41,0.36,0.5,0.67,0.68,0.6,0.59,1276.0,122.0,1398.0,10.0,12.15,1315.0,161.0,1476.0,6666.0,805.0,7471.0,0.79,0.73,0.32,0.61,0.04,0.03
157,Ciencias Sociales,Universidades,Geografía,994743.92,1198825.15,1364132.43,1401672.73,1600847.19,606090.82,703272.14,878373.66,1208154.7,1507998.45,813949.12,1154180.9,1547098.07,1937806.77,2297371.16,1664441.72,1500984.26,1353416.06,1401640.2,1504952.99,0.65,0.83,0.57,0.7,0.66,0.65,0.63,0.72,0.81,0.82,0.85,0.81,109.0,125.0,234.0,10.0,14.0,66.0,109.0,175.0,398.0,682.0,1080.0,0.85,0.75,0.25,0.53,0.21,0.01
158,Ciencias Básicas,Universidades,Geología,1713545.58,2015164.29,2539495.83,2919331.04,3182406.33,632905.4,900437.75,1330298.65,1909101.27,3259217.57,1185781.14,1714756.21,2592260.9,3952188.07,5965510.86,3015160.56,2667848.92,2924204.99,3032759.91,2762677.3,0.69,0.82,0.62,0.64,0.76,0.66,0.67,0.75,0.77,0.83,0.84,0.8,222.0,316.0,538.0,10.65,16.17,310.0,506.0,816.0,1576.0,2456.0,4032.0,0.82,0.75,0.24,0.59,0.16,0.01
159,Tecnología,Universidades,Ingeniería Civil Ambiental,1348585.85,1625527.54,1816671.71,2119847.63,2290469.62,768423.76,994258.2,1349105.34,1629893.81,1896718.69,1232924.52,1827088.43,2187968.37,2694262.21,3341858.88,,,,,,0.84,0.9,,,,,,,,,,,78.0,62.0,140.0,11.39,14.99,144.0,115.0,259.0,662.0,520.0,1182.0,0.74,0.56,0.2,0.61,0.18,0.01
160,Tecnología,Universidades,Ingeniería Civil Bioquímica,1042160.34,1246114.97,1378307.49,1568814.71,1917913.2,597438.98,765098.66,924938.41,1169286.57,1434029.45,748155.89,1124404.49,1383270.77,1968086.15,2125524.32,,,,,,0.83,0.83,,,,,,,,,,,22.0,17.0,39.0,12.0,14.49,47.0,23.0,70.0,189.0,134.0,323.0,0.84,0.65,0.14,0.62,0.24,0.0
161,Tecnología,Universidades,Ingeniería Civil Eléctrica,1907850.4,2289295.92,2661877.88,2912848.8,3261044.05,841265.18,1255669.33,1643102.27,2159486.75,2973978.89,1396015.33,2019442.14,2870420.09,4038082.83,6017549.62,2739942.71,2895336.49,3039640.83,2934476.22,2764338.35,0.92,0.95,0.92,0.92,0.93,0.94,0.89,0.91,0.94,0.95,0.96,0.95,72.0,507.0,579.0,11.62,15.43,124.0,860.0,984.0,522.0,4386.0,4908.0,0.78,0.63,0.26,0.54,0.17,0.04
162,Tecnología,Universidades,Ingeniería Civil Electrónica,1680291.11,2161930.64,2413130.19,2647455.7,2790309.67,673936.2,917365.84,1259264.92,1763207.43,2144620.0,1024660.1,1713489.85,2247305.08,2746736.81,4634445.54,2412462.75,2490142.31,2825904.82,2069845.97,2954198.76,0.84,0.93,0.69,0.85,0.92,0.83,0.79,0.87,0.84,0.91,0.93,0.94,20.0,243.0,263.0,11.81,15.67,64.0,454.0,518.0,260.0,2189.0,2449.0,0.78,0.66,0.23,0.58,0.17,0.02
163,Tecnología,Universidades,Ingeniería Civil en Biomédica,1367867.49,1627914.8,1767432.16,1883450.81,1997817.38,851568.75,1075968.48,1329017.35,1599075.46,1816198.32,906736.1,1373090.85,1747392.02,2135977.84,2499422.3,2056751.49,2100638.89,2019249.64,1670110.47,1882141.38,0.94,0.91,0.78,0.94,0.96,0.97,0.91,0.92,0.97,0.94,0.92,0.88,55.0,42.0,97.0,12.0,13.86,214.0,166.0,380.0,534.0,536.0,1070.0,0.71,0.6,0.2,0.59,0.2,0.01
164,Tecnología,Universidades,Ingeniería Civil en Computación e Informática,1737657.19,2121327.96,2453084.04,2683432.45,2880940.73,787296.04,1075563.71,1464702.22,1951308.13,2622317.32,1294660.48,1911456.74,2601025.17,3625113.28,4680338.0,2305682.63,2492485.23,2778376.03,2685634.33,2592682.53,0.88,0.94,0.88,0.92,0.93,0.89,0.85,0.94,0.94,0.95,0.94,0.93,163.0,1374.0,1537.0,11.08,14.12,664.0,3559.0,4223.0,2381.0,15494.0,17875.0,0.84,0.74,0.25,0.57,0.16,0.02
165,Tecnología,Universidades,Ingeniería Civil en Minas,2274422.55,2599118.99,2803526.14,3432022.19,4230974.53,714172.4,1008888.02,1616794.14,2755216.02,4671038.79,1305668.09,1928656.75,2816808.24,4579345.13,7605400.75,4025123.27,4059829.97,3946384.59,3220612.65,3178733.17,0.82,0.9,0.68,0.76,0.83,0.82,0.81,0.85,0.89,0.91,0.89,0.89,165.0,515.0,680.0,11.14,15.71,571.0,1111.0,1682.0,1906.0,4463.0,6369.0,0.77,0.65,0.27,0.58,0.13,0.02
166,Tecnología,Universidades,Ingeniería Civil en Obras Civiles,1554958.75,1735752.68,1831857.78,2110461.65,2323638.47,696848.6,984267.26,1315191.48,1818082.82,2661973.27,988230.02,1571164.02,2066422.04,2690650.72,3240642.01,2099111.44,2302277.74,2273650.52,1958170.72,2089394.78,0.85,0.91,0.72,0.86,0.89,0.86,0.81,0.91,0.9,0.94,0.91,0.89,152.0,407.0,559.0,11.16,15.12,195.0,514.0,709.0,734.0,2230.0,2964.0,0.77,0.67,0.26,0.57,0.13,0.03
167,Tecnología,Universidades,Ingeniería Civil Industrial,2100771.45,2267041.23,2508602.98,2840993.38,3126885.36,794034.6,1147275.66,1660910.94,2557238.94,4201143.9,1205626.13,1737475.37,2466537.6,3428887.15,4921345.36,2841197.65,2958521.9,3027263.87,2698052.34,2774395.18,0.89,0.93,0.81,0.88,0.91,0.89,0.89,0.9,0.92,0.94,0.93,0.93,1897.0,4594.0,6491.0,11.12,14.07,2023.0,3611.0,5634.0,10564.0,24340.0,34904.0,0.85,0.76,0.22,0.56,0.19,0.03
168,Tecnología,Universidades,Ingeniería Civil Mecánica,1672484.15,2159899.97,2495391.43,2841820.21,3141787.4,782909.7,1074861.17,1444371.93,1875179.51,2770495.76,1225842.83,1784576.46,2512975.36,3493253.75,6390293.95,2521611.5,2657393.68,2819531.9,2800143.71,2916532.52,0.87,0.93,0.79,0.85,0.92,0.89,0.81,0.88,0.91,0.93,0.94,0.91,68.0,700.0,768.0,11.74,16.22,146.0,810.0,956.0,583.0,3969.0,4552.0,0.76,0.61,0.21,0.55,0.23,0.02
169,Tecnología,Universidades,Ingeniería Civil Metalúrgica,1808252.48,2626059.62,3011094.96,3508658.09,3724053.92,724266.2,977323.08,1336645.57,1989131.55,2853205.48,1085342.42,1723186.18,2803433.56,4576968.39,7882792.61,3500739.4,3142017.16,3273342.5,3402993.01,3847606.92,0.8,0.92,0.7,0.78,0.8,0.83,0.79,0.86,0.84,0.94,0.89,0.92,59.0,160.0,219.0,11.53,17.09,169.0,296.0,465.0,533.0,1176.0,1709.0,0.74,0.56,0.27,0.6,0.11,0.01
170,Tecnología,Universidades,Ingeniería Civil Química,1535618.41,1945086.93,2278799.17,2481355.55,2897831.03,671985.68,927468.7,1318280.04,1752394.21,2527592.39,1202718.2,1706923.18,2442337.31,3401392.09,5816633.48,2402212.06,2580673.84,2395806.54,2715406.3,2330576.37,0.82,0.91,0.69,0.76,0.89,0.8,0.79,0.81,0.9,0.91,0.92,0.9,177.0,213.0,390.0,11.71,15.64,295.0,301.0,596.0,1280.0,1613.0,2893.0,0.8,0.67,0.2,0.57,0.22,0.01
171,Tecnología,Universidades,"Ingeniería Civil, plan común y licenciatura en Ciencias de la Ingeniería",1492102.16,1766889.18,2035209.49,2260842.01,2522741.14,742660.13,999894.45,1340063.02,1680226.5,2015338.54,1176349.44,1663434.32,2235764.79,2895326.88,3672555.4,2071172.97,2283522.01,2395605.96,2202624.74,2204708.78,0.86,0.91,0.78,0.82,0.91,0.86,0.81,0.91,0.92,0.91,0.93,0.9,222.0,555.0,777.0,11.54,15.62,1502.0,3714.0,5216.0,5409.0,13412.0,18821.0,0.87,0.79,0.17,0.36,0.46,0.01
172,Administración y Comercio,Universidades,Ingeniería Comercial,1608643.27,1813620.52,2004606.89,2203057.25,2382233.47,690541.28,919124.88,1317859.67,1851829.54,2635132.58,881695.59,1337997.33,2008881.24,2901526.41,4049238.05,2242225.98,2262171.83,2265233.14,2165261.1,2175493.9,0.82,0.88,0.73,0.8,0.85,0.82,0.79,0.83,0.86,0.89,0.87,0.86,3506.0,4280.0,7786.0,9.98,12.29,4159.0,5844.0,10003.0,19708.0,27399.0,47107.0,0.83,0.75,0.19,0.46,0.33,0.02
173,Tecnología,Universidades,Ingeniería en Alimentos,1154875.23,1335982.01,1472293.45,1480333.45,1540420.95,589416.28,734825.52,891076.78,1177808.86,1451578.46,855831.74,1193007.8,1483281.65,2008489.66,2609172.72,1382709.61,1392909.0,1356820.53,1581577.88,1489462.28,0.74,0.81,0.7,0.78,0.79,0.76,0.69,0.73,0.84,0.86,0.82,0.75,69.0,38.0,107.0,10.51,14.59,81.0,52.0,133.0,474.0,266.0,740.0,0.72,0.59,0.33,0.56,0.09,0.02
174,Tecnología,Universidades,"Ingeniería en Automatización, Instrumentación y Control",1559995.78,1750345.13,1977632.47,2237427.54,2337978.6,733734.74,962408.89,1292801.75,1800815.19,2589740.15,1036535.79,1429044.98,2019729.98,2883976.13,4557175.36,2072649.11,2077073.23,2113158.15,2291103.54,2330826.23,0.9,0.93,0.85,0.87,0.92,0.87,0.89,0.91,0.9,0.92,0.93,0.92,12.0,205.0,217.0,8.0,13.24,18.0,100.0,118.0,88.0,834.0,922.0,0.83,0.75,0.23,0.6,0.07,0.1
175,Tecnología,Universidades,Ingeniería en Biotecnología y Bioingeniería,932698.55,1083749.61,1227459.01,1336459.82,1484242.07,557920.92,662753.99,838715.24,1076934.59,1324728.33,801436.02,966500.8,1247506.2,1869081.26,2345017.78,1498082.97,1546794.79,1217885.68,1418492.38,1380330.97,0.63,0.68,0.54,0.56,0.73,0.65,0.56,0.69,0.74,0.66,0.71,0.68,179.0,152.0,331.0,9.92,13.54,279.0,186.0,465.0,1220.0,1029.0,2249.0,0.83,0.76,0.25,0.57,0.17,0.01
176,Administración y Comercio,Universidades,Ingeniería en Comercio Exterior,1336513.26,1416436.52,1552490.31,1632796.7,2016372.24,675990.9,824109.65,1151279.12,1510170.63,2048647.53,707108.09,1013436.43,1515913.06,2236035.93,3266292.66,2090810.48,2247162.99,1528365.76,1787645.56,1602796.36,0.81,0.85,0.78,0.68,0.82,0.87,0.75,0.81,0.91,0.87,0.85,0.83,156.0,101.0,257.0,9.88,13.16,294.0,157.0,451.0,901.0,466.0,1367.0,0.8,0.7,0.22,0.63,0.11,0.04
177,Tecnología,Universidades,Ingeniería en Computación e Informática,1574562.68,1757168.35,1992789.78,2151896.84,2308593.69,651374.67,845840.57,1177109.3,1897278.24,3106401.78,957954.42,1349825.82,2022361.77,2865709.07,3902252.99,1986864.09,2127466.81,2138501.29,2173598.87,2147332.12,0.83,0.89,0.82,0.84,0.86,0.83,0.79,0.86,0.89,0.92,0.9,0.86,123.0,1078.0,1201.0,8.37,12.27,241.0,1451.0,1692.0,1077.0,6811.0,7889.0,0.79,0.69,0.28,0.59,0.09,0.04
178,Tecnología,Universidades,Ingeniería en Construcción,1253853.16,1400193.48,1505326.87,1652960.96,1772525.32,625311.16,777451.04,1046880.63,1449925.97,2161799.8,780110.69,1087899.38,1547859.78,2070654.74,2650797.57,1749083.22,1821839.51,1701473.36,1595246.39,1652665.2,0.77,0.83,0.68,0.83,0.8,0.75,0.77,0.77,0.86,0.86,0.81,0.82,271.0,1033.0,1304.0,9.83,14.05,143.0,626.0,769.0,930.0,3657.0,4587.0,0.77,0.64,0.3,0.61,0.05,0.04
179,Administración y Comercio,Universidades,Ingeniería en Control de Gestión,1524645.6,1686782.63,1850387.3,2063776.95,2330320.55,713944.44,956449.46,1325890.42,1796031.65,2469239.1,1025981.96,1402251.32,1921255.58,2730353.19,3426253.52,2204757.96,2251038.72,2248636.84,2009427.94,1929791.64,0.87,0.91,0.87,0.86,0.9,0.88,0.85,0.9,0.91,0.9,0.92,0.89,367.0,294.0,661.0,9.87,11.89,497.0,501.0,998.0,2144.0,2071.0,4215.0,0.83,0.74,0.27,0.59,0.1,0.03
180,Tecnología,Universidades,Ingeniería en Electricidad,1872528.25,1879400.26,1913461.07,2107169.65,2334833.42,814527.26,1091104.21,1662953.6,2534383.42,4043754.47,939723.54,1285280.69,1882079.78,2699278.34,3803651.99,2131212.79,2265763.39,2269166.69,1941205.14,2068426.24,0.87,0.9,0.79,0.89,0.88,0.87,0.87,0.87,0.89,0.92,0.9,0.9,15.0,418.0,433.0,8.52,14.0,24.0,273.0,297.0,108.0,1365.0,1473.0,0.61,0.52,0.31,0.54,0.05,0.1
181,Tecnología,Universidades,Ingeniería en Electrónica,1317741.89,1477309.0,1755056.0,1852042.15,1924353.88,594721.68,883077.16,1190992.7,1795788.65,2268983.93,957047.03,1230611.34,1923964.64,2450172.62,4231432.6,1811755.39,1702309.19,1553844.96,2231291.62,1838331.03,0.82,0.87,0.77,0.88,0.85,0.83,0.77,0.78,0.86,0.93,0.81,0.89,8.0,55.0,63.0,8.76,14.81,11.0,70.0,81.0,22.0,228.0,250.0,0.54,0.48,0.27,0.58,0.08,0.07
182,Ciencias Básicas,Universidades,Ingeniería en Geomensura y Cartografía,1329830.81,1503056.14,1748671.96,1999501.38,2033677.14,637211.03,835951.14,1137470.32,1733238.66,2584636.83,1057596.97,1418508.59,1899408.81,2156595.83,2728892.89,1765852.95,1806415.74,2163075.91,2071683.21,1844329.26,0.88,0.9,0.76,0.86,0.92,0.83,0.89,0.84,0.91,0.91,0.88,0.9,33.0,109.0,142.0,9.21,15.07,8.0,47.0,55.0,87.0,358.0,445.0,0.74,0.66,0.36,0.58,0.02,0.04
183,Ciencias Sociales,Universidades,Ingeniería en Gestión Pública,1580687.79,1816186.72,1829769.04,1947844.95,1975999.85,853938.62,1048191.38,1354947.09,1704759.91,2285534.42,854199.65,1405738.53,1725198.16,1976302.14,2724129.3,1992452.21,2128246.99,1923562.93,1787599.99,2127232.43,0.92,0.98,0.91,0.96,0.93,0.89,0.94,0.95,0.98,0.98,0.97,0.98,69.0,23.0,92.0,8.0,10.89,0.0,0.0,0.0,41.0,21.0,62.0,,0.65,0.26,0.67,0.0,0.08
184,Administración y Comercio,Universidades,Ingeniería en Logística,2067424.03,1891427.31,2013884.39,1941738.25,2107013.85,1066173.59,1514424.54,2052500.21,2978068.95,3593385.56,939644.28,1359285.65,1762114.89,2180598.84,2959426.57,1950360.26,2402790.75,1963491.84,2057473.59,1804671.69,0.96,0.94,0.87,0.92,0.95,0.95,0.97,0.92,0.96,0.97,0.93,0.94,122.0,221.0,343.0,,,0.0,0.0,0.0,322.0,455.0,777.0,,0.36,0.34,0.55,0.04,0.07
185,Ciencias Básicas,Universidades,Ingeniería en Matemática y Estadística,1593843.29,1855718.55,2219664.17,2397935.02,2489711.14,1175397.92,1336634.62,1570390.36,1818158.87,2206833.88,936869.1,1857431.59,2358115.65,2833828.12,3276632.72,,,,,,0.9,0.93,,,,,,,,,,,25.0,56.0,81.0,10.46,13.45,63.0,137.0,200.0,300.0,565.0,865.0,0.67,0.52,0.25,0.66,0.07,0.01
186,Tecnología,Universidades,Ingeniería en Medio Ambiente,1043451.33,1263319.12,1435741.9,1610624.66,1827089.16,639977.95,824196.33,1029714.2,1208458.37,1678676.26,951043.73,1277943.66,1701632.97,2018258.57,2553134.11,1516477.42,1593832.87,1641975.06,1552025.41,1639896.08,0.73,0.85,0.47,0.72,0.78,0.76,0.66,0.77,0.74,0.85,0.86,0.84,137.0,108.0,245.0,9.95,13.88,84.0,88.0,172.0,634.0,565.0,1199.0,0.84,0.73,0.26,0.59,0.13,0.02
187,Tecnología,Universidades,Ingeniería en Metalurgia,1233086.43,1359529.03,1685143.08,2111698.58,2422237.77,675051.51,905754.86,1157541.52,1491435.39,1610138.54,795332.08,1116928.06,1905979.79,3031101.51,4506895.64,2082802.43,1950893.51,2000269.45,2136661.7,2173043.85,0.75,0.89,0.7,0.63,0.57,0.87,0.79,0.7,0.85,0.98,0.81,0.85,12.0,21.0,33.0,8.13,14.45,19.0,47.0,66.0,72.0,185.0,257.0,0.58,0.44,0.45,0.45,0.07,0.03
188,Tecnología,Universidades,Ingeniería en Minas,2192730.77,2431114.19,2295452.71,2514687.49,2707170.53,698797.1,1091449.37,1659981.75,2842181.08,5015261.46,1076954.9,1394910.36,2270126.32,3298421.98,6094274.32,2393057.26,2424318.26,2539656.29,2478085.14,2550415.41,0.84,0.85,0.72,0.76,0.83,0.83,0.85,0.76,0.85,0.9,0.84,0.84,69.0,229.0,298.0,8.29,12.9,45.0,121.0,166.0,280.0,772.0,1052.0,0.67,0.52,0.43,0.5,0.05,0.03
189,Tecnología,Universidades,Ingeniería en Prevención de Riesgos,1656502.23,1656423.66,1717076.44,1812703.37,1911700.49,893270.7,1185843.3,1534688.28,2171947.84,3101525.92,803084.29,1153701.8,1626069.57,2299544.21,2960400.68,1773711.63,1802199.22,1824425.57,1776520.02,1839312.12,0.87,0.88,0.74,0.83,0.85,0.87,0.89,0.82,0.85,0.89,0.87,0.89,176.0,203.0,379.0,8.62,13.74,49.0,42.0,91.0,792.0,498.0,1290.0,0.71,0.58,0.43,0.51,0.02,0.04
190,Tecnología,Universidades,Ingeniería en Química,1233460.22,1370644.69,1526044.7,1696512.43,1698215.71,617793.93,845453.09,1134746.88,1487250.38,1860091.95,975044.19,1262487.38,1517667.08,2110631.59,2521334.57,1377426.99,1329805.71,1767704.26,1590606.3,1718103.29,0.84,0.91,0.55,0.78,0.81,0.85,0.85,0.85,0.71,0.95,0.85,0.94,55.0,45.0,100.0,8.9,13.48,30.0,35.0,65.0,179.0,248.0,427.0,0.65,0.51,0.33,0.56,0.08,0.03
191,Administración y Comercio,Universidades,Ingeniería en Recursos Humanos,845836.75,952704.27,1211934.51,1423498.33,1549503.62,518860.25,774605.18,955000.9,1096329.19,1140622.13,715635.69,911806.78,1293235.62,2093048.44,2969065.75,,,,,,0.69,0.73,,,,,,,,,,,13.0,11.0,24.0,,,13.0,14.0,27.0,110.0,52.0,162.0,0.78,0.63,0.19,0.69,0.03,0.09
192,Tecnología,Universidades,Ingeniería en Recursos Renovables,1158242.87,1294793.83,1383956.62,1552869.53,1739073.98,633134.07,812800.13,980877.99,1426324.83,1883390.22,692938.07,1079092.16,1486445.43,2124383.69,2795956.87,1582552.46,1446456.19,1613048.45,1525452.31,1542047.27,0.68,0.78,0.65,0.66,0.77,0.68,0.63,0.56,0.86,0.78,0.79,0.77,127.0,102.0,229.0,10.0,14.34,172.0,149.0,321.0,903.0,763.0,1666.0,0.85,0.76,0.28,0.51,0.18,0.02
193,Agropecuaria,Universidades,Ingeniería Forestal,1216331.34,1338310.21,1552209.42,1642011.5,1826234.79,732412.74,928309.18,1117589.63,1456360.51,1671892.44,937560.13,1060957.37,1453460.64,2007915.65,2364178.34,,,,,,0.85,0.89,0.63,0.83,0.81,0.88,0.84,0.81,0.79,0.98,0.86,0.86,61.0,62.0,123.0,10.0,13.56,47.0,72.0,119.0,263.0,305.0,568.0,0.8,0.64,0.35,0.52,0.11,0.02
194,Tecnología,Universidades,Ingeniería Industrial,2171851.2,2173366.55,2175607.16,2471354.64,2654834.38,805427.44,1138179.45,1756869.08,2745749.42,4855581.94,902913.93,1345677.88,1955378.5,3077193.76,4686248.11,2452536.49,2488110.96,2662867.49,2423932.36,2310626.9,0.88,0.89,0.8,0.86,0.87,0.89,0.88,0.88,0.89,0.89,0.89,0.9,451.0,1404.0,1855.0,8.44,12.66,227.0,462.0,689.0,1809.0,5693.0,7502.0,0.68,0.55,0.33,0.54,0.05,0.09
195,Tecnología,Universidades,Ingeniería Marina y Marítimo Portuaria,1730390.19,2195523.31,2388674.36,2473743.63,2676463.15,635890.7,810162.28,1101452.97,1944572.48,3167528.48,1080585.07,1844646.75,2682979.47,3178453.27,4586226.37,2352094.46,2545182.96,2346852.39,2492815.47,2652274.79,0.79,0.9,,,,,,,,,,,16.0,63.0,79.0,8.0,12.45,42.0,115.0,157.0,104.0,479.0,583.0,0.84,0.73,0.2,0.68,0.11,0.01
196,Tecnología,Universidades,Ingeniería Mecánica,1467189.18,1567747.8,1810037.3,2064800.08,2303625.29,685104.91,968017.62,1243889.44,1780309.6,2686380.48,904850.82,1315070.51,1850190.34,2708294.1,3985053.61,2008810.61,2144701.43,2019302.84,2192256.9,1945904.9,0.82,0.86,0.71,0.81,0.84,0.84,0.79,0.75,0.86,0.89,0.82,0.88,15.0,258.0,273.0,8.59,14.99,29.0,192.0,221.0,64.0,790.0,854.0,0.59,0.42,0.23,0.62,0.1,0.05
197,Salud,Universidades,Kinesiología,983274.87,1143545.57,1321489.75,1406890.62,1466798.49,550897.97,626961.53,779360.37,1035939.67,1337845.41,697952.29,971877.34,1396783.91,1803654.81,2235429.92,1347391.28,1604853.15,1451554.29,1365878.5,1345677.85,0.52,0.68,0.57,0.84,0.66,0.5,0.4,0.64,0.89,0.81,0.7,0.64,1463.0,1251.0,2714.0,10.0,12.2,2483.0,3142.0,5625.0,11191.0,12747.0,23938.0,0.85,0.79,0.28,0.59,0.11,0.02
198,Humanidades,Universidades,Licenciatura en Letras y Literatura,803831.56,951380.78,1029564.0,1152079.72,1209841.45,549512.93,579871.43,786662.33,987041.12,1196294.3,692967.69,897495.53,1174798.5,1419531.42,1773582.83,1224522.2,1152873.2,1167463.77,1090146.11,1206674.93,0.35,0.59,0.32,0.33,0.35,0.4,0.3,0.57,0.59,0.59,0.6,0.57,248.0,104.0,352.0,8.22,10.16,352.0,144.0,496.0,1549.0,588.0,2137.0,0.84,0.77,0.24,0.53,0.22,0.01
199,Salud,Universidades,Medicina,2758297.34,3264129.04,3363001.27,3719393.07,4280719.56,1054499.75,1760284.73,2478339.62,3157063.93,3880989.82,2126547.67,3093510.03,4121740.98,5347169.82,6701042.44,4005075.43,4067056.53,3793567.89,3741306.26,3295855.58,0.91,0.89,0.9,0.96,0.92,0.91,0.89,0.9,0.91,0.79,0.9,0.9,1331.0,1099.0,2430.0,13.89,15.08,1926.0,1283.0,3209.0,12594.0,8635.0,21230.0,0.96,0.94,0.14,0.39,0.46,0.0
200,Agropecuaria,Universidades,Medicina Veterinaria,1035455.7,1158545.25,1251232.05,1379384.8,1469493.13,562193.32,670245.59,892274.87,1196231.97,1560141.34,729570.34,932049.99,1271317.2,1755478.55,2393437.44,1418696.14,1405417.31,1400460.5,1383460.26,1342248.12,0.66,0.74,0.6,0.72,0.73,0.68,0.59,0.68,0.78,0.73,0.73,0.75,1098.0,387.0,1485.0,10.07,14.36,3299.0,1142.0,4441.0,16030.0,5341.0,21371.0,0.86,0.79,0.26,0.59,0.13,0.02
201,Arte y Arquitectura,Universidades,"Música, Canto o Danza",917052.44,1004635.07,1098530.77,1116139.91,1209957.73,575264.42,674194.5,832614.62,1057653.06,1288576.38,664873.57,869686.26,1186362.46,1541096.76,2293769.92,1161643.42,1129554.03,1089689.73,1190125.96,1021665.97,0.45,0.54,0.45,0.44,0.46,0.48,0.42,0.49,0.54,0.59,0.49,0.56,193.0,214.0,407.0,10.03,12.77,299.0,355.0,654.0,1350.0,1727.0,3078.0,0.8,0.69,0.3,0.52,0.15,0.03
202,Salud,Universidades,Nutrición y Dietética,867390.69,996904.75,1090500.19,1176047.02,1252893.7,553659.36,614703.22,782180.34,1009135.71,1246086.61,641182.32,826814.14,1166751.76,1572938.01,1972366.46,1149053.37,1251217.71,1181091.2,1179677.1,1153883.69,0.46,0.62,0.36,0.58,0.54,0.42,0.4,0.54,0.67,0.7,0.63,0.59,1532.0,266.0,1798.0,9.99,12.56,2168.0,726.0,2894.0,10600.0,2928.0,13528.0,0.8,0.72,0.3,0.59,0.09,0.02
203,Salud,Universidades,Obstetricia y Puericultura,1164784.3,1392567.56,1559825.42,1672113.28,1784176.4,585340.99,710492.3,991002.64,1314090.86,1612263.66,1052381.49,1393102.36,1715193.33,2063204.77,2409629.14,1835079.34,1860532.84,1720966.59,1658776.99,1591555.5,0.69,0.86,0.86,0.94,0.89,0.74,0.55,0.97,0.97,0.92,0.89,0.82,1975.0,97.0,2072.0,10.0,12.26,2631.0,69.0,2700.0,12689.0,430.0,13119.0,0.91,0.86,0.27,0.62,0.1,0.01
204,Salud,Universidades,Odontología,1311241.18,1517376.24,1689035.47,1848602.17,1998135.45,582648.02,708821.27,1009134.31,1504455.23,2179488.72,706177.7,1017373.6,1582599.79,2342750.32,3091390.54,1871513.22,2341886.23,1952249.62,1729932.43,1884263.81,0.63,0.74,0.49,0.84,0.76,0.58,0.49,0.7,0.87,0.82,0.76,0.7,1226.0,555.0,1781.0,11.92,15.07,1876.0,815.0,2691.0,10250.0,4561.0,14811.0,0.88,0.84,0.19,0.56,0.24,0.01
205,Educación,Universidades,Pedagogía en Artes y Música,895085.61,1014973.82,1042976.85,1093629.83,1132305.09,584854.46,705686.82,901061.52,1091262.25,1230318.49,681280.4,927679.87,1123112.21,1299366.05,1456874.91,1098863.48,1110988.55,1108757.32,1074655.2,1100634.91,0.75,0.82,0.66,0.58,0.79,0.76,0.72,0.81,0.77,0.85,0.8,0.81,186.0,180.0,366.0,9.74,11.85,269.0,283.0,552.0,1164.0,1225.0,2389.0,0.82,0.74,0.37,0.56,0.06,0.01
206,Educación,Universidades,Pedagogía en Ciencias,1067553.63,1176631.84,1242014.07,1279797.18,1307293.03,724650.54,864193.67,1076088.92,1275615.27,1488833.93,879733.2,1127531.34,1328733.03,1508358.2,1749936.94,1250062.41,1272456.21,1275141.38,1281894.87,1284575.49,0.9,0.9,0.85,0.88,0.89,0.91,0.89,0.94,0.94,0.88,0.9,0.92,304.0,223.0,527.0,9.53,11.84,362.0,231.0,593.0,1339.0,988.0,2327.0,0.8,0.69,0.34,0.59,0.05,0.02
207,Educación,Universidades,Pedagogía en Educación Básica,1012767.76,1129038.03,1175780.91,1193291.68,1238655.54,681040.04,827517.21,979212.32,1154533.97,1338090.35,865573.43,1044253.42,1221324.93,1369912.18,1587561.19,1213168.09,1225735.85,1179151.3,1183733.7,1221516.53,0.91,0.92,0.83,0.9,0.92,0.9,0.9,0.92,0.93,0.91,0.92,0.92,1338.0,183.0,1521.0,9.53,10.6,1539.0,292.0,1831.0,6367.0,1301.0,7668.0,0.89,0.83,0.36,0.52,0.09,0.03
208,Educación,Universidades,Pedagogía en Educación de Párvulos,868042.49,950848.31,1007648.29,1058550.05,1123066.53,570256.07,662408.56,805574.97,990352.15,1197087.31,692339.18,881545.78,1123662.3,1322128.73,1468144.56,1147162.1,1143722.78,1055543.47,1061232.83,1058559.03,0.71,0.8,0.6,0.69,0.77,0.69,0.66,0.68,0.76,0.82,0.82,0.75,1432.0,2.0,1434.0,8.9,10.22,2005.0,9.0,2014.0,12058.0,43.0,12101.0,0.89,0.83,0.38,0.52,0.06,0.04
209,Educación,Universidades,Pedagogía en Educación Diferencial,1025194.26,1126646.35,1178295.45,1231829.5,1280448.53,734134.5,866053.72,1015922.27,1176953.87,1357146.99,922700.05,1114237.11,1253615.57,1421165.31,1635321.04,1315979.93,1290026.77,1232916.53,1234682.0,1225424.5,0.91,0.93,0.89,0.86,0.91,0.92,0.91,0.92,0.93,0.93,0.92,0.93,1834.0,95.0,1929.0,9.47,10.44,1880.0,125.0,2005.0,9661.0,552.0,10213.0,0.9,0.84,0.36,0.58,0.03,0.04
210,Educación,Universidades,Pedagogía en Educación Física,873690.35,971963.3,1023211.17,1093220.06,1155398.4,556799.86,651148.77,833511.46,1062401.22,1294151.97,651994.33,852645.86,1124960.0,1371241.0,1738191.23,1080591.18,1090039.17,1061538.22,1101296.08,1121504.05,0.57,0.67,0.33,0.41,0.58,0.58,0.55,0.49,0.56,0.68,0.67,0.66,423.0,882.0,1305.0,9.47,11.08,559.0,1359.0,1918.0,2289.0,5478.0,7767.0,0.87,0.81,0.35,0.56,0.07,0.02
211,Educación,Universidades,Pedagogía en Educación Media,948526.28,1139664.28,1226551.14,1307875.93,1352940.52,643280.71,747223.53,943472.7,1069691.67,1176105.65,742694.86,1092848.12,1284646.16,1490564.84,1733847.68,1305177.23,1253338.34,1385796.36,1279502.44,1273507.55,0.81,0.84,0.82,0.76,0.82,0.83,0.77,0.87,0.93,0.83,0.84,0.86,134.0,112.0,246.0,,,0.0,0.0,0.0,336.0,270.0,606.0,,,0.34,0.5,0.14,0.03
212,Educación,Universidades,Pedagogía en Educación Técnico Profesional,1556791.96,1670784.4,1651214.28,1623221.26,1769531.28,843184.92,1133958.4,1479529.41,1795655.58,2141368.84,813748.93,1333053.34,1611468.54,2038567.36,2509774.32,,,,,,0.93,0.9,,,,,,,,,,,52.0,50.0,102.0,,,38.0,34.0,72.0,96.0,96.0,192.0,,,0.36,0.51,0.02,0.11
213,Educación,Universidades,Pedagogía en Filosofía y Religión,1566876.23,1657753.56,1227387.06,1256068.94,1238267.62,594467.36,830099.23,1185091.96,1556867.28,1874263.42,994326.77,1073506.55,1217394.92,1449777.31,1608754.55,,,,,,0.79,0.83,0.81,0.7,0.84,0.73,0.77,0.85,0.91,0.89,0.83,0.77,48.0,49.0,97.0,9.89,13.23,58.0,57.0,115.0,224.0,312.0,536.0,0.75,0.69,0.33,0.55,0.09,0.02
214,Educación,Universidades,"Pedagogía en Historia, Geografía y Ciencias Sociales",920022.68,1030889.66,1076437.19,1129321.06,1192397.88,603408.74,741471.26,918187.82,1104919.08,1265211.04,697023.38,941585.87,1200491.85,1402763.39,1607508.07,1149980.05,1195075.96,1091910.49,1143990.1,1158299.81,0.74,0.82,0.57,0.57,0.75,0.74,0.72,0.72,0.72,0.83,0.81,0.82,244.0,288.0,532.0,9.84,11.77,300.0,372.0,672.0,1322.0,1722.0,3044.0,0.85,0.77,0.35,0.58,0.05,0.02
215,Educación,Universidades,Pedagogía en Idiomas,882696.35,997130.1,1046305.31,1074271.39,1122627.29,571797.25,676051.65,854965.49,1040562.5,1236244.52,652885.87,844849.98,1105102.04,1327488.81,1563402.39,1106762.94,1112708.31,1043964.5,1072728.95,1109242.34,0.63,0.75,0.55,0.54,0.67,0.64,0.58,0.7,0.69,0.76,0.76,0.72,686.0,303.0,989.0,9.74,11.63,1218.0,590.0,1808.0,5340.0,2750.0,8091.0,0.84,0.75,0.33,0.59,0.06,0.02
216,Educación,Universidades,"Pedagogía en Lenguaje, Comunicación y/o Castellano",982285.34,1112044.69,1159678.22,1200218.04,1253572.23,642521.29,831104.87,986726.47,1155648.63,1293314.74,806922.9,1052811.67,1255271.44,1418513.88,1574729.57,1255042.72,1282045.41,1211001.97,1190593.53,1201774.4,0.83,0.87,0.76,0.79,0.87,0.84,0.79,0.87,0.89,0.88,0.86,0.87,533.0,216.0,749.0,9.78,11.33,734.0,351.0,1085.0,3011.0,1415.0,4427.0,0.87,0.78,0.39,0.55,0.03,0.03
217,Educación,Universidades,Pedagogía en Matemáticas y Computación,1098075.85,1207960.26,1264004.35,1296180.17,1331942.03,765089.25,929156.44,1077436.9,1270921.22,1477121.32,950538.12,1152449.66,1331950.03,1502193.22,1772475.96,1342158.39,1298454.34,1292193.75,1289567.99,1309993.07,0.91,0.95,0.87,0.94,0.92,0.92,0.9,0.93,0.93,0.96,0.95,0.94,291.0,306.0,597.0,9.72,11.83,336.0,355.0,691.0,1459.0,1665.0,3124.0,0.83,0.72,0.34,0.58,0.06,0.02
218,Ciencias Sociales,Universidades,Periodismo,1033449.85,1183215.07,1312880.16,1436817.01,1512509.82,619513.93,752193.11,951234.33,1195984.66,1626340.09,790723.67,1012990.6,1375090.38,1808259.1,2279027.35,1439494.86,1438660.81,1436367.42,1423433.29,1450561.76,0.7,0.79,0.61,0.68,0.75,0.71,0.63,0.74,0.78,0.81,0.81,0.75,771.0,615.0,1386.0,9.37,11.43,860.0,626.0,1486.0,3931.0,3619.0,7550.0,0.87,0.82,0.19,0.53,0.26,0.01
219,Educación,Universidades,Programas de Formación Pedagógica,1208865.18,1306701.18,1353377.57,1430797.3,1473718.8,698688.52,882785.6,1096108.35,1414088.77,1783090.49,767346.95,1052640.84,1315985.2,1608842.73,2059799.41,1482388.89,1533347.79,1435195.53,1373786.55,1474099.08,0.84,0.87,0.79,0.81,0.85,0.83,0.85,0.84,0.83,0.89,0.87,0.86,183.0,170.0,353.0,,,19.0,5.0,24.0,521.0,411.0,932.0,,,0.27,0.47,0.24,0.01
220,Ciencias Sociales,Universidades,Psicología,998896.29,1113650.88,1203197.03,1303330.58,1395488.46,582563.97,692846.19,880597.51,1141263.75,1504984.05,754017.38,983535.18,1220000.68,1568857.0,2066010.37,1325026.26,1380982.27,1322068.63,1304070.77,1281634.69,0.62,0.78,0.51,0.58,0.66,0.63,0.56,0.73,0.76,0.8,0.78,0.77,4926.0,1849.0,6775.0,10.08,11.5,8138.0,3421.0,11559.0,40283.0,16264.0,56549.0,0.87,0.82,0.27,0.55,0.16,0.02
221,Educación,Universidades,Psicopedagogía,804857.69,907243.16,914488.37,982331.06,1051359.56,564216.46,649543.65,804519.97,978809.48,1204879.89,624905.51,773135.96,999964.87,1187169.17,1357998.99,1088532.18,1035994.84,990982.89,941980.51,997885.31,0.59,0.69,0.3,0.35,0.58,0.58,0.62,0.63,0.46,0.64,0.7,0.73,128.0,6.0,134.0,8.03,10.68,91.0,8.0,99.0,278.0,26.0,304.0,0.73,0.64,0.23,0.54,0.21,0.02
222,Ciencias Sociales,Universidades,Publicidad,938258.35,1178039.92,1308093.53,1480917.69,1634164.91,594723.72,692086.37,842045.88,1004893.92,1287947.65,817773.67,1079747.66,1402993.99,1974360.06,2510106.64,1410625.7,1514060.36,1472052.1,1496334.89,1478464.07,0.73,0.82,0.59,0.76,0.76,0.77,0.67,0.74,0.77,0.83,0.8,0.83,274.0,222.0,496.0,8.36,9.64,531.0,228.0,759.0,1981.0,1036.0,3017.0,0.89,0.86,0.14,0.52,0.32,0.02
223,Salud,Universidades,Química y Farmacia,2011053.46,2193168.58,2273157.93,2368256.33,2463864.51,1306484.48,1656171.0,2010766.52,2332289.56,2690121.55,1588981.57,1991721.14,2351271.38,2795829.83,3270968.42,2304855.99,2480450.86,2387580.21,2322358.21,2407808.32,0.98,0.98,0.97,1.0,0.99,0.99,0.98,0.96,0.98,0.99,0.99,0.98,622.0,426.0,1048.0,10.76,14.25,1811.0,1135.0,2946.0,7150.0,4692.0,11842.0,0.88,0.83,0.28,0.6,0.11,0.01
224,Ciencias Básicas,Universidades,"Química, Licenciado en Química",1052323.17,1232128.79,1427856.92,1545659.34,1488644.05,595596.82,803992.03,963526.58,1212954.86,1745044.73,547413.92,982373.8,1378155.16,2046980.28,2405001.21,,,,,,0.61,0.66,,,,,,,,,,,53.0,62.0,115.0,10.14,14.72,121.0,106.0,227.0,450.0,510.0,960.0,0.77,0.64,0.26,0.55,0.17,0.01
225,Arte y Arquitectura,Universidades,Realizador de Cine y Televisión,1110014.78,1250958.69,1143405.0,1160555.59,1064588.78,574528.03,673448.08,845990.96,1159995.89,1776105.16,675004.21,868909.21,1107159.02,1363524.86,1784641.21,,,,,,0.48,0.55,0.42,0.35,0.45,0.55,0.43,0.39,0.52,0.45,0.57,0.56,101.0,104.0,205.0,9.1,12.06,190.0,170.0,360.0,701.0,761.0,1462.0,0.89,0.83,0.2,0.48,0.31,0.01
226,Ciencias Sociales,Universidades,Relaciones Públicas,1116547.12,1212553.53,1197936.52,1400349.19,1589756.87,562885.14,719736.82,920922.38,1268758.35,2638502.78,635145.61,881910.63,1120948.49,1507653.73,1911376.73,1434989.96,1590351.75,1488533.36,1149501.79,1460206.53,0.59,0.64,0.49,0.51,0.57,0.6,0.61,0.67,0.8,0.59,0.68,0.62,28.0,16.0,44.0,8.0,10.0,25.0,11.0,36.0,82.0,42.0,124.0,,0.61,0.35,0.54,0.06,0.05
227,Ciencias Sociales,Universidades,Sociología,1089620.51,1200016.33,1312597.02,1417499.73,1581981.79,594070.59,666242.96,920923.43,1292390.56,1818237.99,727900.15,1031364.84,1365715.43,1927079.0,2472635.24,1537274.4,1423858.2,1426682.87,1403641.13,1425350.28,0.62,0.75,0.45,0.51,0.63,0.66,0.58,0.63,0.67,0.7,0.8,0.73,236.0,243.0,479.0,9.83,12.99,255.0,238.0,493.0,1322.0,1133.0,2455.0,0.74,0.66,0.25,0.5,0.24,0.01
228,Agropecuaria,Universidades,Técnico Agropecuario,898000.59,911457.19,878167.2,1044642.91,1192596.4,552634.5,598435.47,809651.66,1381650.07,2052346.01,601030.34,701076.25,951406.56,1279251.94,1701864.63,,,,,,0.5,0.57,0.38,0.49,0.46,0.55,0.48,0.53,0.61,0.57,0.53,0.6,58.0,69.0,127.0,4.78,5.5,120.0,148.0,268.0,252.0,320.0,572.0,0.72,,0.5,0.43,0.02,0.06
229,Educación,Universidades,Técnico Asistente del Educador de Párvulos,665022.28,690092.26,676212.54,709797.8,830642.5,516049.12,544662.65,628560.82,774279.62,993836.2,559264.82,606137.33,709584.65,864606.08,1014501.89,868524.86,886966.38,689081.56,714776.87,731456.88,0.26,0.34,0.26,0.19,0.22,0.33,0.22,0.37,0.31,0.32,0.33,0.38,499.0,0.0,499.0,4.45,4.89,725.0,6.0,731.0,1368.0,7.0,1375.0,0.74,,0.54,0.43,0.0,0.02
230,Administración y Comercio,Universidades,Técnico en Administración de Empresas,1181469.95,1178865.64,1211993.9,1235089.3,1371053.45,593046.18,733506.33,981055.31,1442038.35,2012629.21,628944.2,783982.54,1061530.93,1502847.15,2140618.21,1403176.81,1523821.21,1197106.14,1225642.28,1278568.8,0.65,0.68,0.6,0.61,0.63,0.68,0.65,0.65,0.68,0.68,0.65,0.71,686.0,403.0,1089.0,4.37,5.28,854.0,556.0,1410.0,1811.0,1247.0,3058.0,0.69,,0.45,0.46,0.05,0.04
231,Administración y Comercio,Universidades,Técnico en Administración de Recursos Humanos y Personal,915049.89,953719.23,1065069.56,1159684.58,1336107.07,619534.6,668024.33,766338.99,1100713.33,1485065.83,596688.48,775268.42,1078497.58,1327384.65,2076565.47,1282044.31,1677766.75,1149831.7,1263434.88,1075866.48,0.63,0.72,0.59,0.72,0.66,0.61,0.6,0.64,0.68,0.76,0.75,0.64,36.0,12.0,48.0,4.47,5.91,105.0,37.0,142.0,204.0,58.0,262.0,0.79,,0.39,0.53,0.03,0.05
232,Tecnología,Universidades,Técnico en Alimentos,849286.92,969838.78,1047248.91,1157820.86,1196365.48,565576.97,733200.65,835223.1,989932.48,1272495.99,762599.01,845722.38,1074736.24,1439028.97,1798800.67,,,,,,0.6,0.66,0.7,0.7,0.61,0.6,0.57,0.79,0.77,0.66,0.65,0.67,50.0,19.0,69.0,4.89,5.73,25.0,40.0,65.0,81.0,88.0,169.0,0.64,,0.47,0.51,0.01,0.01
233,Administración y Comercio,Universidades,Técnico en Comercio Exterior,1018824.36,1046077.82,1204036.82,1239707.6,1379175.39,626661.3,758779.74,883814.64,1084581.23,1409633.68,633018.73,725588.91,1063961.52,1407873.94,2467166.56,,,,,,0.6,0.72,,,,,,,,,,,14.0,9.0,23.0,,,54.0,17.0,71.0,113.0,45.0,158.0,0.66,,0.39,0.49,0.01,0.11
234,Tecnología,Universidades,Técnico en Computación e Informática,1026888.0,1137238.21,1353012.61,1530976.87,1559337.58,549916.2,661482.18,824006.9,1145992.78,1388346.15,781104.5,995890.42,1539281.75,2155284.73,2898012.91,1424292.17,1254167.74,1436377.49,1689459.01,1400954.4,0.51,0.65,0.62,0.64,0.61,0.46,0.49,0.65,0.76,0.76,0.73,0.55,22.0,147.0,169.0,4.49,6.21,66.0,398.0,464.0,133.0,868.0,1001.0,0.71,,0.39,0.55,0.03,0.03
235,Tecnología,Universidades,Técnico en Construcción y Obras Civiles,1007195.55,981459.0,1065488.48,1119072.52,1243545.62,554760.14,665972.88,845286.73,1241654.54,1757174.33,591691.61,798688.45,1114978.95,1489769.72,2045680.43,1071919.08,1177687.94,1171575.9,1136334.95,1025369.79,0.54,0.55,0.49,0.45,0.56,0.5,0.56,0.54,0.66,0.49,0.61,0.55,62.0,302.0,364.0,4.49,6.01,47.0,309.0,356.0,144.0,747.0,891.0,0.67,,0.46,0.43,0.02,0.08
236,Educación,Universidades,"Técnico en Deporte, Recreación y Preparación Física",760201.55,791577.24,840927.12,845499.09,909422.26,520747.47,580280.07,653207.29,789414.74,1135776.34,564380.87,637170.68,778300.31,1070696.69,1435079.22,731862.02,809113.37,858207.59,873427.83,782298.15,0.32,0.4,0.28,0.31,0.36,0.31,0.3,0.27,0.4,0.4,0.42,0.39,41.0,151.0,192.0,4.86,6.23,79.0,203.0,282.0,199.0,549.0,748.0,0.71,,0.44,0.51,0.02,0.04
237,Tecnología,Universidades,Técnico en Electricidad y Electricidad Industrial,1275912.73,1322879.23,1427658.99,1678711.56,1872410.36,640026.21,774293.86,1052415.03,1749722.07,2438426.95,856853.38,1089747.83,1474970.62,2097916.03,3132660.38,1703598.03,1655803.63,1516110.84,1598856.8,1987868.77,0.75,0.81,0.68,0.84,0.71,0.79,0.74,0.7,0.86,0.83,0.81,0.8,11.0,273.0,284.0,4.3,5.77,28.0,345.0,373.0,70.0,830.0,900.0,0.67,,0.42,0.47,0.01,0.1
238,Tecnología,Universidades,Técnico en Electrónica y Electrónica Industrial,1015004.95,1145472.81,1281164.0,1433437.78,1668405.31,549050.48,641686.61,914609.92,1234945.28,1911558.37,702879.68,1022966.07,1465397.29,1893482.17,3283524.59,,,,,,0.66,0.85,0.74,0.68,0.61,0.73,0.61,0.68,0.82,0.94,0.96,0.73,1.0,37.0,38.0,4.14,7.29,10.0,63.0,73.0,16.0,166.0,182.0,0.51,,0.25,0.58,0.05,0.12
239,Salud,Universidades,Técnico en Enfermería,857605.32,897280.93,902421.44,902882.66,912647.23,553767.04,636251.95,792043.54,952006.02,1168709.75,627144.93,721529.89,892792.78,1041491.72,1187092.68,830834.35,899231.28,924638.4,859359.47,926450.36,0.63,0.7,0.62,0.75,0.7,0.64,0.56,0.74,0.81,0.8,0.69,0.69,636.0,145.0,781.0,4.95,5.92,879.0,193.0,1072.0,2313.0,497.0,2810.0,0.69,,0.51,0.45,0.01,0.03
240,Tecnología,Universidades,"Técnico en Instrumentación, Automatización y Control Industrial",1422718.4,1486492.27,1534572.97,1522831.88,1696209.37,719476.42,858501.33,1129018.8,1559361.92,2206871.15,717085.04,941909.27,1326020.71,2127619.86,3097801.16,1408371.41,1767906.81,1320854.78,1621086.31,1609087.64,0.69,0.75,0.67,0.68,0.66,0.73,0.65,0.68,0.81,0.83,0.67,0.76,18.0,110.0,128.0,4.25,6.74,39.0,176.0,215.0,63.0,378.0,441.0,0.66,,0.46,0.48,0.01,0.05
241,Administración y Comercio,Universidades,Técnico en Logística,893642.53,875265.91,945270.14,1024595.95,1165585.11,538335.81,639317.78,751640.46,946205.15,1584678.58,587137.48,662928.5,867821.77,1164475.5,1935531.13,1354804.18,1062497.45,1137327.88,966057.49,958279.98,0.52,0.59,0.46,0.45,0.54,0.5,0.52,0.69,0.55,0.57,0.61,0.56,87.0,79.0,166.0,4.06,4.84,157.0,217.0,374.0,273.0,352.0,625.0,0.78,,0.49,0.43,0.02,0.05
242,Tecnología,Universidades,Técnico en Mantenimiento Industrial,1524768.96,1575225.9,2043117.96,1907999.29,2171363.92,642921.22,776334.85,1152448.77,1639854.02,3041802.38,969417.26,1210866.23,1877042.07,3080228.99,4274820.26,2051656.92,1806768.69,1938449.61,2009283.93,1706924.33,0.8,0.9,0.82,0.85,0.86,0.77,0.77,0.79,0.87,0.91,0.96,0.84,13.0,179.0,192.0,4.17,6.8,48.0,228.0,276.0,90.0,536.0,626.0,0.66,,0.25,0.55,0.06,0.14
243,Tecnología,Universidades,Técnico en Mecánica Automotriz,970557.99,1007852.47,1186039.11,1302223.78,1379239.29,594800.16,751401.24,910079.44,1157898.78,1419521.05,580277.78,808169.56,1175485.75,1742334.08,2632228.52,,,,,,0.54,0.69,0.53,0.47,0.55,0.5,0.57,0.66,0.64,0.79,0.61,0.7,2.0,74.0,76.0,4.05,6.52,7.0,154.0,161.0,15.0,319.0,334.0,0.66,,0.18,0.65,0.05,0.12
244,Tecnología,Universidades,Técnico en Mecánica Industrial,1620999.54,1657622.03,1817083.45,1974698.19,2040318.36,781179.06,1025219.81,1608802.03,2639617.03,3896022.86,793694.17,1034588.7,1797744.53,2483748.34,4495916.61,2114007.96,2100335.15,1714320.41,1979965.67,2194235.98,0.77,0.83,0.74,0.81,0.81,0.69,0.82,0.75,0.84,0.88,0.78,0.79,14.0,143.0,157.0,4.18,5.88,22.0,285.0,307.0,48.0,543.0,591.0,0.58,,0.5,0.4,0.01,0.1
245,Tecnología,Universidades,Técnico en Metalurgia,1728941.76,1902123.77,2089290.27,1793507.47,2023459.79,695113.48,1003502.55,1219469.49,2006072.04,3383454.98,842156.91,1085076.99,1634654.45,3523237.21,5823613.36,2754863.43,2799899.05,1582720.87,1794636.34,2344492.51,0.77,0.82,0.61,0.67,0.77,0.8,0.71,0.65,0.84,0.76,0.82,0.86,29.0,47.0,76.0,4.13,6.0,62.0,74.0,136.0,121.0,154.0,275.0,0.77,,0.69,0.3,0.0,0.0
246,Tecnología,Universidades,Técnico en Minería,1458222.39,1628333.6,1715876.02,1987119.23,2130266.77,613526.99,736837.23,1041028.55,1718159.81,3222246.76,770562.07,1082095.65,1429847.3,2501615.03,4362403.2,1977192.8,1934972.4,2076107.15,1824844.51,1993838.81,0.69,0.72,0.67,0.67,0.69,0.65,0.72,0.71,0.71,0.76,0.7,0.69,51.0,145.0,196.0,4.39,6.9,115.0,200.0,315.0,223.0,415.0,638.0,0.72,,0.46,0.45,0.03,0.06
247,Ciencias Sociales,Universidades,Técnico en Prevención y Rehabilitación,1074217.53,1048961.9,958996.51,951145.06,1179917.76,522882.53,600195.56,735019.12,1150416.44,2003099.14,636120.51,678316.84,884546.69,1198995.98,1628361.77,1037587.47,1345176.86,989807.85,954390.32,850743.57,0.63,0.56,0.64,0.67,0.56,0.68,0.68,0.72,0.64,0.52,0.58,0.6,28.0,33.0,61.0,,,0.0,0.0,0.0,0.0,0.0,0.0,,,,,,
248,Ciencias Básicas,Universidades,Técnico en Química (Análisis e Industrial),881446.45,1026450.24,1068353.64,1128036.87,1250002.16,611454.0,697108.31,829113.77,1006863.95,1099020.58,741178.21,924418.52,1176095.71,1426183.2,1722796.36,1136411.1,1130223.88,1163663.62,1102705.89,1105071.12,0.73,0.79,0.62,0.69,0.84,0.64,0.7,0.75,0.86,0.83,0.84,0.73,29.0,20.0,49.0,5.15,8.12,38.0,47.0,85.0,92.0,96.0,188.0,0.71,,0.33,0.58,0.03,0.05
249,Salud,Universidades,Tecnología Médica,1226007.28,1456786.37,1634698.4,1750943.4,1836410.79,583051.64,714570.14,968084.53,1292703.28,1661451.28,982751.23,1360064.94,1720266.12,2102914.62,2577122.7,1752020.02,1967447.02,1798008.93,1709736.69,1732891.78,0.71,0.85,0.77,0.95,0.88,0.73,0.57,0.89,0.96,0.94,0.88,0.8,1352.0,858.0,2210.0,10.05,12.74,2194.0,1189.0,3383.0,10413.0,6009.0,16422.0,0.86,,0.27,0.64,0.07,0.01
250,Salud,Universidades,Terapia Ocupacional,878859.84,1030199.98,1150895.59,1263706.54,1310769.22,552693.18,635265.61,782478.38,1006488.55,1279330.89,701884.64,959273.78,1283239.67,1575868.96,1933735.3,1252773.69,1344993.94,1289474.72,1255937.19,1210672.03,0.5,0.72,0.37,0.62,0.57,0.5,0.43,0.67,0.78,0.76,0.74,0.69,1840.0,281.0,2121.0,10.0,11.47,2362.0,411.0,2773.0,10940.0,1872.0,12812.0,0.84,,0.29,0.6,0.09,0.02
251,Ciencias Sociales,Universidades,Trabajo Social,1019931.23,1092736.61,1150866.9,1206924.91,1268799.92,582623.31,700252.12,901860.77,1188981.84,1564483.59,725234.73,942060.98,1200360.05,1515168.54,1920028.61,1203284.5,1225441.76,1194052.93,1224876.9,1203413.74,0.67,0.78,0.61,0.64,0.69,0.67,0.64,0.74,0.78,0.8,0.78,0.77,2641.0,521.0,3162.0,9.79,11.3,1710.0,456.0,2167.0,10156.0,2547.0,12704.0,0.82,,0.37,0.57,0.03,0.03
252,Humanidades,Universidades,Traducción e Interpretación,803174.11,858313.63,902136.39,981267.92,985231.57,555966.63,607152.94,722799.93,965602.73,1331790.68,594494.7,690303.82,872548.65,1103698.8,1494917.42,1053125.45,926092.85,937318.63,986552.31,1033382.97,0.42,0.51,0.3,0.33,0.45,0.41,0.39,0.37,0.43,0.49,0.54,0.48,192.0,91.0,283.0,9.04,12.41,418.0,170.0,588.0,2168.0,980.0,3148.0,0.82,,0.26,0.64,0.09,0.02
